$ANSIBLE_VAULT;1.1;AES256
32666334633432666630643734383532313139633165656631613134333962303030656432356164
6138303161666464323530663134653033353161646435370a393464646265666162623336393533
62373631316638303530323231623139376364363737316532363234623064313535643337316562
3530353736326338640a653364666264353766646338303166363762613034303731333231363333
32633464386163313565353537666633306635643435336366333861626561396165323131653732
33326362356236393862643831623162343539623532656230613636656238333433633431313562
36373630646138636565623339306539343463363866623736363535316166346361623166316436
30653364353366356533373161323232333433383963623838356137633030656462633336623561
33363766663539313965366166623536643937643466633531313634373837616465643064623339
62363734343964376132376232363030666438373838353636303730363363303030313537366130
64316566313233396331313138343835313634396536316135643736373133323032363736623030
35616234303834656562393966616638323339313034343865666131336464666136656263636562
61313837623037363934643733373133383331376439626131613066636434386438323364353465
38623532366361623163353264343939356138353430383837333739633737616334613538303362
66333939663965663361633365663938376433616164363839303033663938643436376364303362
36313431643331616162376534623138636564663133366166353566373937306431656136393033
61393164363864376136666237306332666330353964306261386462386261336565356163373635
66643462373230643835663631313762366133646336336631626661643237326133663264336364
30376565636666343137396664666133313062613539386435653265363162383464306336643962
62306231623261366635613739323837303433336364646162633364633663653233356361346438
34656139636231376130323265333536303038343665666135626665343539386232663463326365
37366536366131353162343765333738343362653738663632643664633562623561373535393831
34316636383665366666396435323166383636333662626436353563623634313865306531656434
34316566623438363630656431636438623437373239623532303661333731653430366637333931
66653063353335336233653237343335626338383063373161663439653866636630376162383432
31353239323133376231393537356632363230396564363231396534323131343330393238613736
33326537626135363831666434636239653032353132623536643163333030356432363166626239
62663864616466393663386437346461616264333139313466346364346234393831393664653230
32396532363038323837363362346539383331336339613966343965356262373963336463383030
35343433633330653535613163613337363537353336653936663731386630663035376631376263
65643839396533623530623362623136643930386362383561393766636361383733643361386366
32653936303565646336613737313666353161363539343035313238613362633561393365346439
30643239616165663237386165613131386563346138373663316234303930616232653763393566
35343431633162396535613232336462346635326530313230656633656431323130303530356133
39313363366566376335656566646364643965343434383062663031346137303437303765656564
38326235653338623435333136643062363732346433363837346433366661663437346530613536
62343366323837363534343762656165366536326432343031333233356465626436326462306231
35613832316332353332653537303636333932626231303966353464626132306635613561636131
31653037386134643436333664363564343034646336323764636334363262383364616265393838
30306238333231303739373166373832323331303932373232626434313234333233356539373163
37363366396239343139363364386131353338623837363561653865333261383839623139333533
65383038623532353466363962326463663837343461346463623238646265396635373836663630
31313665353362346535343535666534623034393962646362393039323365353734383438396639
63303330306262303539626535363563323431393630343735303735323230636539643133363234
38393936366162393964343439376563663034373432336435306237393735663131633435653030
64396537383836646439363032633834653565373265376132393332333139663161633836316539
38326563313730366334666135393439613330326165616336386161356439373834663639616565
30653262393865366237313534383432626266353934663963653232363832613766316534323765
64303437383861343763376337633634656637353363313431636630386536366365336334376261
36326130313761613038333133363732646531393532643662313265343661643134643830376162
33613734633537633361353566663535663230346163366230343364653932316533383738616132
63326230646133336634306636663630316333623734613464616533336132316136653935633133
61316231646638653136666236613938623164656134353562353036333337356537363531393364
39383063316261333762396463386439643266313066656330616565623665333830663837313562
66356235363537666130646166613634616534633961353633373335633531363832636236363066
62393832373066663030383833373163623830373662353565343764353663633461653364323535
39303233636536386466666466313537383730626138633365326139616439353434363238663965
37303934326131653937386230666430333538303637656562383130333639393736323562656239
37363862343731616238643535343334646434633530386165343832373138653336316333373765
30613039373964363763353666316433333930326662383131383333323030313630386530383634
39363565346130353865353866303231383235623039373533393535373363373635353765636166
66376230633133373665343065643663623137643263313064613561656136376430353538366533
38303838663165373461613536303232363130343162633532346564666535323563623366636564
37393534316664303839363464323533646132663037323835623038346238323438346261643132
62366333653831666536353466393231633634363661623438376565376535383238383266353237
30356532666636346338623666336239633362393638663133306261616266623336633464633237
32323765346331626530336534663836363132666237343137386132323365343239643938613861
39393630313831383163343731613637386635616561393764616535653233656234396333646634
66353062316230336134363033366663316632613334333137316566636231393863336335313339
32616139323362393463373630646334343838656332303632613162656365306364653837643236
65363662366137623131343561613361316431306565656132336237393564336131633966616663
32363032323366653536313332306334663064323463656265386636323534396462303135313265
66363862613836363830313731313934616564373462313064346232333062306135616163323637
38353466373130363461333163653737363464356665346431363765323761303962356537643538
39396631353237663431643633336263366134366361323063373933643763623663653863396665
30363930303633636331663239663336343862323831363031373137666132356266336632386564
30386663633037343561623334316633613063656330393266623336313063326238356565626237
31316339633739656231323635316134613339363036633139383432626561336533306663353465
31663631353934363164373335613366303635343762626461666462316562326565336230653565
66346364653134353530313861643038643361303532613538393462376566653333353962396431
38666161346439663634643234363230633835316532326234626638323632653462353365343531
33303561346530626263393134653631303938353861326264666632373061323631393034336436
38306330613131363630313266313534323866353633343465356364616338313639383430373630
39386638326638656633646438333037356236643532636130333734643662313466313239623665
62333266663930386364383033306438383139373562656466396433323862636262313461316363
32613734346166303635393733323533646434646561393139643966616639356438666465323164
31323865363134613936343633363239636163316632623933666565383935363138393931316366
65653863396366623663333034613230393265343631643562323462303638663030623531616462
39306264306236666536353630636235666430396262613437643239613235393334616232393264
36336135616238313831663135356336353363313061643163363631616663666364356130363430
64393530346332383039643262353734396563643665663438393030353366323834626163343239
34343962666430303463656132616238653161396332656530623439666435653133333136383333
31323631633635623131343566343038373035613238653936306638643263666633353030383635
35333064396365383831646564393262663336666238376262303238643438303664333265363736
37383033313737346438636430646364383637666463326132323764366265313335363532323230
32383331386166613833366565363363323735613634336361633431376462663032313136623634
31303361373466306134333337663166303432353638303261393132633061353437326530643339
35313731323231313864306234353162613964353035636639323264393366626331333437383034
66326564626539373765383331633335323330613731366231306238633861653539373464653134
62633737303466356265303362336434333662666466393132386639346563666333376433306336
30353333313262343665353763666530643366363866663161356336656534323765633639656333
38396432343835616664633736613565643363633162393666386538306531666666306638323766
65636161626166343061313661626532323266336466363061663430303865616333343730643364
62353766633536363166333165613530623638616664616637656135366636353236643863376631
34313239386539376232393465306164636166356235613866643230396463653937643230643532
61333964303532376333646362333363393535646462323831643666623635616465656166356133
33623931316561383363613562313635643737383264656431346564353461353232366161333961
61613962383233633737386138653337393262353139656137646530313530663132306636333532
33386437366661636137653838383861353564373736326131396566366539326537323638613565
66653262663935643233383830386333633239656239373834396663393762643330623963363536
65336462303637343338353738613637333333663433306662616661636135313134636333386232
36326431613365666534663332626334616637653631323637326461663765336232343061303837
61623636343366323538343564366661666166633337636663316666336338326235353239383637
64316138613236663232356566663839613063386530343632306266383639313930373834316232
35343534623339376664333035303636616335633761356263356161393830346461386533396431
32306565663361383265653034356365636537353365306234316161326366613039663838653764
36386462303864393338333838323834633437643363313335356638396230386538396266616261
37636431656235363265393261363363666336366131623663306438663163343565643734313865
66333537643934616464613966323436353037616664376337353064353434333532376335323363
63336436373530336231623434653139646263636239643434313039653138356466336362386132
30666336626234653236346131343131333239313336323665386264653762653766656435326634
62353766616430663330353939656664363061333033333565333239333563353337383834363138
63666133366430333236613263643533623634376437336137373634663339653362386538336631
62623239373462326563303738656633623934376261613039316666646136366131646239386339
66356461646435343762353135666530666436383633613735333063316538626430343665343036
63306566346138363363303339653738353130613435326366303936363665323566393137376164
32333037356463343634626562376632386538316439646536313333343166323564363339353762
35663764346632363164333562663732623339373366656635303366313837613436376334323532
33383838366239383965396164343364386462663362353362386261313762333934393536376238
31666462336336663039336130383835393965636666363336643233666336323935386636643061
37373066633362336661613063376362376339333066396330303363376437656531613432386532
62613730633764336439643931616535363462383231313639303931663031343633623937666663
34386234396666366363653161373436366235636238356131363337343731326636386139633066
34363531653233633930643533643536656133613239653164343737656136623761333534663064
64343438373536353938656431346164393065626533323564616566313534393564346662653463
35383063333739393437626534373034613136333232363737666465313065656638626263363639
30343637663265333437333837396537323832636636653566366461303831393934656563623432
64313732646463313032653161386565643463343065376165616334653132373833626637323239
30663262386330393639633435633464393737343562313164373936366665343936633332303362
30666565643734333762366432336362333764303938623236386262373232346566373831343364
35386530306636626638633937376432613735343566323637626533366666316634353264333765
35656564353464623463366338613963326134306632383430383831323534303238313962646236
37653464626138616330326537613465643836383234326439356337643434653966333562383565
36396533623661316462643433616135303934616430303835666135366461343530666461323032
65633635393435633665323831396332393765373333313732383761383865383364336639393438
31313030366662336532333836346531636666323738326436633334393064633061313661376337
34376166386130656533353564393234356434336635386330623765616534346436313735613939
38396261653264613161383834626565353563643564646464386566336133326362376634656665
61383534643631363166613166636630623061356262643436623364303639326636383530653137
33366438373130316331393436373539643338326238376430613132363937656636343539343863
31646638346366353662373834643161643664663632323038333463663464636433353438353732
66313065386336633464333937323437323539333132303032646137643932363633626538343835
64393263323336366230623335616634343163623437623534626231626364313733303231353562
32313639623761643661613034323935623634393635303366656431643330356139633437373338
36363533633933366436616565313030343736613033326634653764633034663432326336626235
38326134333330663462383265623464376162363263656537623532353832376131366436333465
64616663643631386564343232306639356230653533613030623563366230336238663936633962
34393139373836373037613934343632366230393138326433306436393665346439643866323562
36346566313834646132646166366564643437353930613332656138366533613035653564306663
30663461626361373936633438366562383161616232326161366165386338386562383634323932
39316663353637323565333136383235613263626564303866613730636464636232346665323339
35383762303830393431363637383438383565396365366238663030623765393537303439336236
31346264613831373836643163366538373361333435333338303036356661323365613937333032
61396431346630326131653538323231373735323936373134323465373764313336303838653537
35653264303566633734313161333633616361653964313231613635636538323833356630363930
30633964376361656366343865376263366133323264336365636261363732633336306132653034
36623139633464646237303730316535323762333965316130393164616561313635393164303435
37633461626438623838386363306463386265346331386637396336333132643035396566653133
64303535373265626131646232366631336661373631616632323637303235393730326136613366
32323830646562316137363733666166333034313339666539336532323963623237316136643932
66366365333064663461396264646338623130613836306232323732633765323132613034346634
39333734613734333337646630313835313532393161613035613039383862353433356633663235
37333033633537323461653761623966306335656262623361656435393036643035356437306132
36373239393032316632373530363036653630653038613861656563666234633262303461353136
36366238353966656239633631386664353461366234623936303730646666303966303562313030
39343536623734663665383463303731326263393334613966656361373530333930363638336232
36306263333132343431646430326635313035323834333939626334613136323266356134613766
36643539316636616436623762303632373033666437313863636266303663623863303131356635
65303935326437346663336664663161323964363935663039383035626433333661663738653538
31323462326231363262396434646438326365313037616161383932626632663033386264303235
30656238666364343138333264633334373834633165346665316266653531383734343862303165
39333634656337663836393130353538666430376134653231653561666462396231666435613439
32366361333235386333323838653130616535666233396237343662353562333365343535323931
33653939393365303734393039316334663264653765356563656332646231666337396235383865
35373465653530376637333535376237633037306263396535373136616539663436316139316237
38346165323338383430626637633863316638623633326664663433373939346139616664653436
66373239313434316431643363393663346161323833623966393030636632376431616131636339
34633166303864333437376265316336646139623433353963316532393735666234363365663632
62373266383530303362366564326636306663303738363730336335616638313065623564303861
33356166636164623934353533343165663837373732383332613964373534383731336333306539
36626134656230663939376535316634626465636434623262313366353833383331643566343634
30636635313839303239636665356333333035336365656334646335396564616466376338376263
39633831373031346632353764323731646665306433626138613036326330653232373336656362
35326264633138343134633666313861636136386263363362363962313533353033343466343338
35326166643338656263373165616335643663323439353361306238613462336130303338373665
39316334666266366136316461643238363036396365623466383934316532653532356630663563
30346138386431343932346532623165333636353064333664393637353065343933643365383035
66646431623363373934653930373465346135626665336137333136333830633432363264346434
31303537313834613936666634666365343931383365303730316263323261383732666666326338
63663835653233343539623630313838613531346337356137613635373339623836633565633862
62646533343065353530323138663633333033346337356230663632393534386661663937656331
35323633346132366163326161356563313937373134303737393737363230666162323364366436
64303163656138343039313638363937383437643633383962303266373334613331613533653530
64316438343431663862373539613830396236653438643165643031383361646333393862383337
66653330646431633533303838646135633761666266643433373736313461386231336265306539
64623739636134643034336131303333383664623966303962636466666435363765323865313763
64343332656536323961623832653366346138623164313465323738626332616130633666653339
66366262643039653465383662376163313035613139643439323161623734383134343836383038
39303936613932636335386432383566626139646135616236326634326232353032663536363832
31653761363236653633663535366163316236626637656361333030353764333436646536656234
39346633313630343463373136626464646531646664616232383261303337656534383338396237
38623830636666656565353564643635393836313838386164333431643063383237333138633966
37643464653134346164383165623761663461623766353230333339353632373439333866326235
36623637633834613935343339643439363734613533656433366439353634313233373465396538
30373039333331326237626236306435323339616566623937613235633961393362356337383838
66626339616134333666373536396432643132303638643165653164303735626436306431353462
64653931633131343536616436363239356664366461636662336432663430323666376330633566
36356136326432656636353464396635616432376436656263653562326232633262303864663030
33353831653432326266316633653065333234356331383633323834373565393761643438613336
30356239323433383836643138356666613963366133633133316136636132363137356139663935
32616231363064313133326138373064666564396437636331373637663538363064373036633633
30656261333034333336633033643638323835663730653137626663613762313664306436393632
62636466626332346661636430313536656637636337653635646261653031393966316466303233
30386366623165653337336331666365316537626534323963366133356165383135303438626163
35363930613965653739643831616338376137393938623465613165353533643538623730313035
66326638653732376133316135363930356539303861376438623462343161353863353137383961
65633261393964623830346362663337356638653238376439336339383966336163316636663430
34343630613762346431333563643462343666333535353335363231303030376135613337626332
66646161333938333133353964313732303732323835336432376363643264663038653738633266
38386162323437366165383438376638313833396438316164656633323963343965303064653735
33653865313432363464343837656537383663313432646130373463376366343238633535613535
61613035356537383438396337336331316633313338623366386232396230643261643632356234
32386662323237353034376131653364643335343438393262303332386536313662646365376233
39386335363766326133373536343834386231316662636534363565616437633335616461363935
61316533363539643265636462616430666665313933333734666237616234653334343139346532
30356264643863353633613764666130656339363366303032316238616136386264663132616633
62396336656338663763323232353430336630373061653862313161396132346432643865646339
36386664376461616235663538636664373632383037633630373837306137393532643734646163
63636333353034616161383537616166636334616337356632653266666133323534396664306235
62346161613031366234363365336539376634306438616238663330333837326539306639346262
65373239636361363431323865613230333739353339363961373738613736383365613762326430
64636462326662373039316332373338623436373763343065646334653431323566636665386232
36633830356539336161633362383534616539653230373231626661326630316166316464343139
36306439646332373038386537383632366637653233613234373836303663323239313166646233
38653031646638663939366564383466363737663235346565616131653731366261313634303863
39303064623638356634643139383933306638656536643363346165323137306338633938623931
39306135356231313836386230636365343735306533643733656232346464633535613062616336
36346630636332356263616438346365323336346462336232633334613431336237366230353031
34346261383363316564313534656631326663303833323632633264373537633835376634396163
33613737373334303637326131303835353263393336626132666637646565346431633261653864
32633234366163646533303031303138396362356462303039366432336662373561316266613634
31363030383265346534656161643764353132333831616134626537376239386638323031313138
65626435376431616664326632363033393339363734613539326436313339353431336638343163
32333536376337643563303535333365643931666566323466323636633837356138343035623763
65643437366636663366613838306333613565633735386264356637616230393138613366353932
64376133373164626361396137643034386236663563363931336335636537643033643233386261
65623238303438633731366364383035663566626432333930386336313464626364396537383066
66386435336661393837636638363738393661366161346432303332306531643534366164303633
33346664316262323366356633383062653733346332666563366438326263336430343532396331
64303066376333633863353338383738383062356239646437373464643038366464353138393938
62653436376137313463306236386537396366363862343765656338366636646665633263646566
64633338633233333835626565353738333231633830623864376163343530663239376163303430
33393137346331653933333232313637316334663862346265613562666664383438373462623161
30623362383932323339613233623430396130626363653332346436336539303237363137656437
36326233363766376432623261623739643663343931333333376564393530656363313336316666
37616135656635323861656431666631373264326638663737623166363761616562363166336262
31393865653731316364313333653361653137613638396262363266396133663534386566616365
31373166336532653562626564383336333361323835373939616531346563383266333738333965
33373661643831373865343462666466656633636363393439333732336536316363623361366461
63663738363535613432636432326230353062663466656533623030633762633166663533663462
61636638376436633139356233326332353533333865656361653961346236633436643365306234
62303063633539373736306563336333363265323234643633343332373131633634363830393436
37316163613638633165343864633033653739633966373631636539386461373339336462663430
66306266396263623461663039636566366332353432353031393730363261623633333932326166
37383638616435373934323631633230653030616335633433376565636237353466613165656339
35333738303863373732363030346266623765363636666466376232383132306464303339626132
30323265303031303933333735303930626366323838313239313061646233393739383639373437
37613433373763616437653335356330386130326461386330396332663639373864323937396337
36376466353039373937336237326666666239353935626430653834313861396634636363643530
62346439373361316636623336393463333738663233626265376239383262633634666138643233
62376664353061616635326439373231363764396131346430333930653230616233306433333163
61633338613262656531346138643138306537313266646365306462633635343836336637383034
64373537633263643332363134666661393662333464373463323532616463653033346435636266
35323662666236653730313232303261343166613764313131316137306361643665656636663562
38613663386363386464383266653532636163363666626465656539636664616164626631393734
64353262386630356135386166343730396638326565323764383834336432333565386335336332
39313563346463666265376264393431303066346137663863666234646636363865613563363037
32343936653835623861623432383432323730643366663239336439373731396263323534643333
63316432376161366264643064666139666134656233636433343563326564346531656134366432
39366530333630383433356362646136396537336433313730373062656239373063653964323837
31636239366238386430636138303663633963303133343861383064623461313834356161353031
65333634323062613461646137363264386463353230363630633366646531663962663535643538
37323266303866303262303032663830643662393834336539383130333863363561316630646234
65313766316535366363306138353439663239646631653661366664383138316361646364383236
61636337346131386236303762383365643136313431646566353164356661633339623937653466
38333037363338376236343235386439333031623266336634303432623237393165333264396361
37323366323537636331663365323630646566336334653938623335316638613535623434633030
35376361353538333037623133333439663364343730396633323233376233343739396438326236
30313361653831343563656161323530333933363139333162653864336335656332383631323062
30653832353035653631316166303632613236336635393461613237386434343465663038306263
35343538643463663666323161393735366539383735343366323439343766633734373937636464
36336566313562333462383437643634376535386362363261366462333036646266313431366636
39613735333062663063363237316164303936373335343032633163396138336562343330383738
30393463353537393735343935636334333963663336376162343466303939386461313236336632
38336239396565356430313161343433343633663462653336623834363739313165373839353634
32613031616563303538613531366133383237386466393039313535656164633865643339343731
62313635336163303636613166306531383966353134303036376239613866373731313438313933
36643739363237653764346433316239303834646432653930373364336134363166323365333963
35663931633663306538356662333639633734653762633035623337393561333933643662346534
36323466373233386462636233346432363865363364326138336139666235633066336664303431
63333538336431646266616137396433333363646233396236333766303762326237383862383861
37623964373137333962653934613834646166356535636532646239623632663538393961653036
34363630326634326237653430313863653363363636653236633837613533663532663434366165
39373630396131383564383965383565333533616531613136353737623638626262646132326461
66326466363834363830636334613036376535666636666365613038636137316130323030383730
39323232333730383266306536653738353038363164623833616336623430343663343931366362
65313865366366626238323134353231633230316435313436646662346561386437646537313833
30633632373632313136386663613330653336316439383864643832323837663266336166653239
31313538383630663663633563633033646365333339396666396161666363336534656338306338
64663661353235393266343765303865303434353735346262336437306532303537323263303463
61393937613064303537616637313764616130616637663633363463333439393062366632376261
30353562383439306432616566633762633031626135323638333637653865393262316234313332
65323835373964653936643139313161396435653961366535323732373263333530666164376363
33646137313233376630623762636265303538643630653831623238623736386635646437623638
38383630366636646432663965326136303739653938646334333164336132656261316637303931
35626634383131613934353264643431376163663865313831643863353765393466346264366438
38313661393133643836336433386466646636353566653631633965616163643734346631636334
38316431643533383739666130333338363334326132643636373562626332336633343662313661
61383833636234303931383830623539646533323362356536353034633836356532363236333562
65356138643636316135306438393862653931306262373566623431383232643632343438373562
33376332396564663265316131643137663666633939343664633465363433326564336134313834
30386637343836613734333233656161326233323334306361323632656531313065386166333530
62343165303161343561636361643063343566613237333866646431393838663066343932373964
65353632633037663433393865623764643666623033363531333532373165323431376164396561
30333636653635636366353365653330333662653636353065633765653033373231646662323236
63616237646161646337353061373537346435393337343231396361653364353730353338313634
64383662626662313632666266613836656132646563306666623033306263613635613031393131
62343739373135306535643737353331366464363834303534303461343162626433313531313638
38393134373766303362666134393961663536373864393463643932393262613536616334326133
31613363333961333634366532396564633862363066316161323339643434313364343236373134
39613538626232663131663236333162623139653265396230613733316334353364376666353461
37323632303961373562316533393865336135653962363164616261346230336661306561383164
36393732323237376231383236373463636363646661653830393531613237353966646363313633
64313139646262316166656661646464336539316535373337333465383533373965323939363936
32396238656562646437383566636462313930383238323437656538623430303233393032396231
35373562633064313036343831356363333933336135313036303736396338653233653338386161
36306230363436383832346436303964363237386564663061353365313634613930613162663263
63646130656165623762343430623738333234376366386231626561333033623332383364316164
39346638393361643734613336633031353362306631616638616132653664386230396465646335
66663465616564633561623731393439643337323236643033356632633633383663386636333332
66343564633639353839376362303366656362323638363762646236383538613362663531653331
65643436626138313836383836393864313134656135373463373862616364353166353665616537
34633437623633666233376664636562396333623039366662616131323465373430353932653964
61353330303639306432643630363938636239346565393162313066313832663665396433396164
62383964653762303631663238653732646339663232666166643061616538323532326165396339
64323730393337376161323634313465396232666538316430303130623039393039333363616632
37653263366438313562623534363833666334633163343164323163343566626363393265313635
61333636336364363962623266363632353834633065346334343832363235613864643761666430
31623135613764396533383738633133326161396335376165653863663164613331643765613130
39393865386163636665323037333136336135383533376138313036353336643162373430646665
34653661663838653463386336393234653962343033303837303833386363656137653066663832
66626630386166393636373934363165636436376632383731353536343263343634636136643664
61326564653863623337303535623833303965363238376336646661626136313462393230306566
39353934393437623066393936306131303764653165386233313833623230616531663237363936
37343065316236383532326262623333663836366561343062303430636666333339646165643433
61303366356538343834636364626361396234323361383966373263353333383235373566393839
61353862613738643232306364613737663063643232313937343663393565356631633338633235
63306234303439346464663765326534633766626162333261366637643464323131333966646466
31336239306635396537393435626239623662633138343733303035643832353062303730396262
36346263353166626333336663356466646166613730316564633039323734663265383962356162
36626338343331346562356562653738363663356437616165333533373636326263373530366361
30353962376364373233376637393736366438396531363735613862383634363262323131393233
66626634343934663339386239316136613036323035646563633762646165633439663264366335
30353633663935373332373262613265613931323337626631633836323436653837336164386565
63323439336133303162633861643236376332373139323362303165646135643939363730393931
37613561393232326362346266323364373332333733633664353631636362353964396663303639
64643231396433383362356265336532326263663036353832373634663766666631303430326430
35613030663463653563623332323565323361333939643737356633353734373665663834643166
66643034396530323565393362663337393532633866663438663738613332643366643764336330
66316666643362376431336638306531653361373534656135643564646666353963656135383330
65373330313633663265343639373932346239353830626532383635393461313762613266323064
35363233366538656332613331376631303964653262653661333161343864646464613862373037
36653165373539616564346435623539326636326432313531306461373435326565336238373233
39623332653739616237383961396632326332313831313932393739396636306131363766663632
61343132373934323038316336636239393234303131633366323530623065633136623134343038
65366535623837383463623533313965366362396364393765366231346561356132613234633838
63323237663932366434343866343436313464323463333838633436393064623634336362343965
36343962343661663137323830653461343062626133383830336261623634353534373636383339
37636434386131383038623933646635323232396565373061643635373630346130623537666432
64336430613738656330653935326532316337393434353131663430396165333935356565643437
30633065333932616131363430636432373165616662643835653937306539323562616466396332
37663864313138346237653933313338623633383135376238326433396665333437333438353434
64633033626238643934333365393739356662653539393636303231353037356131633362373830
39306137616235663837633864643137313032306432363237303838393864306635363331656465
35373834646634316465613034356539643333303430636464326132376333363339653639643739
61303530646165353737626433396531653535666132353034323939333034383138343036396633
63353364636134316538323932363962666230363262346363663833656236666633643831623330
66396331383963326363626635373264303530316230353965376464356634646532366333383037
30373836663161313864666463323037653236646133343762333763386566346365373033353861
38386131613335656461323836313333336630623264396535626535313236633337613438326636
39623231616161333739313861353836626365623866666563303433303164316438393032663731
32646631663331633938616631326431663566313130373933373031646663636663313037386238
65323865303864313839613764356566343132646533336333343536333565646566316137363537
30396138393639313733386465653433616332373166396537613135623661666661373234343162
35383364336333316262313035366266656135383065346634663765393230623230363735623366
35303932616261656439346237663436313537303861623434353063373235383239663038333739
33346462366237393832396134393964353434346335353231306562393163623137346261323064
65636135336132343539613532353139323839383962326235393731316336353439306562646566
66353563373337363534303264333964346639373232396465316332623133616265353436363137
66383139393130396361376462333635396261653263393634323662646630373532383431636161
38613732333039376461333031336331313561373937336434396663643937333236666132336330
33346662623933343136313563343532393665366631663236366564653461643863646233613762
30623162353735366439323366343663666130663631653431643935643531313330636561306336
39646461366266333130636262373938616430326364626336396364393439313034313938623137
33356165633132323563313537363563386438663434333537353030616262623163383239396333
31653265663061613931386565356535383634353866663337666334326562633863383161626331
36383638343539643462333132333434343636616638333335343139323838663134656137313661
62613162373861616437633738386332653532353635323035393437343336353235653034623933
63303434643239373532363335623664333237356366653433376664343830613439363930373362
62333865393762333538383235326530306333303738636332316339386638383265663261373863
36643130666162633034616635633235643133343865376634656565643934303065363532653530
65353965323131333661313266613732323335326465663730636161646636393333353866396531
61346331333866636138383337373731303235343731663861326664306234663337353063636637
65396662613336613933343265383563306634666534326230366630343431623939323732623439
61656438393236623639623034656336636363616464303731346233343830356265656136386530
66383761386363636162653531626630646633653037303365616562396330343230393233653466
36346239376566303931623462326331653933656236646161356562633864373233306338303232
35306463316466653165373065363961636630646132373163316531666637323163313561306665
33393837346537376666623039643337393432383731656539623338636533376634613035386266
35633037306161636361336536326533663034386130663038396331316238613762366339336662
63626337656435366563396531363036393530643337386434343734326130343666336363346366
64306565393139363730363261363564616636643132383937363639393332353436353033626137
61333234396434396632363932363936393230643565646238626134383066326637323864333963
36323065376131646566376263366130306362373362633033633037366266303335313431363362
33313938333263363038653739623531633062383638323132633862396535396462393630653861
36666561656262666439383462333064376163323836303438353165646163303930343635323463
64666163636136333664363635613765313439663965346661313161383532333336653865353963
63386631666465386434343737323961653930656564333561663061386264613462313365306464
33326561636263386363633463643639396365643436643662633332313963303831633536633738
31363330346663333638663664313561623532356564386163393339636235663739343939356336
61653236666461643962663537313562376563353630656534393362336564613634626537393537
37613730353039616230383533656132383162313934363738616465303462376137393763656533
37336265666532613539383439613431646335626138633331653663613130393161306366623663
34633238623634343165376639303437346136633332393032343566663937356163356136353765
34343734663235393761306164336139666434613032613437656163366630393932313361623638
34396365346465633562653431353934326163343737326231653535643839623636623831663234
65316431633266376434643636643564366537633562363330366565616530616531366335393364
66376165326335336565313339383734303233343436353765313330353439343238376639393330
63316339323330616538343736316537396337633165396139633430616534626538396630636637
61343239373264316135393162313339653230643961616138353761643136623331643938653737
32303763333664613264376466326337376538306330623031336137336462393164383631643961
35323331366162356430346465346338623831633765663733356239623064393238356431626164
30613165326362343766366330383439633138333032643336393664633763373438313063326338
33356365643230333230366335363739326132353538626461363139623130326436363862636431
37333438366263626630303237303730353434333733393433363661376531656664383438393138
65303966613437343431373335663236613633333361376434306161353233323237653535396533
39346165343330636463356535323461353935636332626433336136616665346464373939383364
33663134393130663037323432656433626434626231383334393962376561613937616635353163
38396539313338643866363533653332343035366437613033363331393365326463363265376638
66633563616635356231313032323366646339363838383338623365376239383139623037656262
39646333363536663266313935303066366337643938316430633036306666346564333664663038
33353930313337346461643032383962366535303038386562623433313437623535613630366264
30326434343533353731626163376461313764643864656262623362633463313561666537626338
36333232663261333635303262653061373337383930333130626265363535373765313862383062
65313835613139343236613261633233643264633135643833346333343836383063376261616661
61653038313238373031393731643930323534343239313233626530366439303539323564613266
32663334643331636533343332383938663832623132633739643238646234306232373435613363
35316265393063353965343133386335626363636163303537313665653464663065633330316638
30306464636330636366636361373039336431376134336239636539663330313335323864353462
62376236623264663337323535386239386161613535343438363166383865666338623636656335
37353761316235376666393166366437636132383236643632613634373936346166353433353035
30346639633964303062343937303439613563363530373538653234373436356534636432353863
36323837393563363261663235376265613238383537663933613966333234633738393236316638
61373038393731633261386431333131343362383665653633316461376238386265613435323832
39306162363031646161326137353730643931326166343533656133343934626538663135383031
34333339336363626634346363363739653364343664366238636532363963333537626332366266
38623066316565306366393734363535356364633237613830643064653164626534623234656435
33383638653961343339363564366661326138616434306637633934633136363264643362373162
34366133626632373835393236636231613734366530313537393730626562343162646535666534
32643831613833656261643563333938346337383638613433316533316633346331343165633561
65303833366230326239363761666165613065333934653532313437313931643633343939636465
35393663636464613537653936313939333434663830656535376137313764663830653336656631
38643630336264333764303332633666376437643863386165376132343534363631613563333665
34393034333539386430613533653837616232626639633830386339303866373737393238383163
31383465383366343566633438393332653834656335306137623235623637626334393835633539
62316566613661333764316363306366343434363031613161643439386234656237653263633530
64643930666166376537386366373938383665383132623136336631383634653061613035376638
66343933303661646435376263356662326439623762313065636439643734383833326665363139
64393231383632663233626530633536643433623864383337323539313266353635623832323165
30373936363039313531643632363439623961316339616432623831346663323538393936306639
35353334323562313061313734303937666462343964633163343338656430636466336138643263
63383964383436633935323734346232356635666138316161313366666438343737633532656665
33326264653364643265343535633762383333336166333632303832333734353163633334303730
64663462396639666637356137393830316333623032613132666662343730326239636132333633
65386165393762623235643833376461326232666366306138356435326462366232303930363631
38613831656166633231333139333136643961616663393763373165653364333862663239633238
65373637343932386666356232323530663239386630663637626530663263666432633362346534
34376137616235646338343538653930393065316336396437323663326330613864633131636564
36613039616237353634303838616465353863363433616132613661333033346138663533656166
61633633666135353565656635663132306361633531343665373431633930333735343237653332
32656164323862663339393131636335306239306537626165646130386663393037306561636434
32633335316133643135393536346661666630633866343832623031333034383838666261356364
30623166376662646537653734653336656563323633623765666166663463363466666439623530
65373231353165326534356335383866326430326162636131333838633439363036383936383732
61386565353634633861366266313937643165616531633161346262623866386163306339333364
39363839616434306566393734383636656637626664343335393964326233333437633861363964
64323462343331656334623563643734646432656463306131376338393138633863616161636437
34616362613335386665333730376336336638666330646439336439663564336135623632643834
66383331333933383933643837313939303332303431323937353637623265346163383939643137
34646336326262343035303131663563623961653366373932653762383730623962366130333534
65643832303537383565383232623838656633623633653338633162363131383865666335326665
33373732616338646138363833623232373139326238333937363661666162663864626364343065
62366462396235663437353838386663313961323363306135386631323235613737396166333331
62306331303638376430376166306562346162616562323838323138333534636630386238383265
37313833383962616263343539656634653639633937323033333438653033376435333636346230
66376633323736623735653334633230373735383936303438366334336665616165366262623263
36653965613237343132376238393934623436366333326166636533313134316330333232366633
37656362363235636334353161313863363730646334376533383933306530333731303934336634
64653961303461666439653330396635653530386234383532316531316361636538663163656463
61353064373361653732656665376565336363663837313165633230313837323932356233353037
32653363373431653839383565333666376635663465323364363765626662626366303534656361
35383761353837316562386332373836653061623562333032393161363936613861363365323436
36383739373663373735313432353231343437396166333535643161316663326130346436623732
62663432356232356231376332633465336363306266353037376265336134633436373635393763
65333739383061323261356362383434316533363865653230633438626436626362306532653535
30656366666332626165353635363833373963356261626561373837396532656562306164363438
30626431613832343661383130376439323436333765346639373162653639633039353830343163
34336238313763613937303032626239663031333331353336646666326234353731313066386235
39383962613066393538333231643566306636623336623665643136633363643137343361363635
64353261613936323962316639653061643565303765356165623235636462336537303962313638
64356365366531343834626433346434366362306234646463626265326231333434646230313863
63646362303665666364633031666433666361303766366366313561643530373233323735363033
34356363656265623834396134363130363665623231653839626464366331343166323632346131
38306336386265613336636563353134346366376465393236613664366265653634623437663765
34393331613335376634636435306235636430346163656663313665303235626163373237306164
66356536646438633364623961376264623230356430373236636536393936666535326534616638
31333136643530643662336265626333613631316231633030396331313830363263376362623835
38306333366431613066386238316133366636643162376566323163346233393834666532626136
34353731386666626636376463336566383862353334613965376532633336633930343361373630
30653033386361383039393264333335666630636666343130623339373333323132626438663937
35643733383563643734636663363762373932336637633433313432666532383637316534366561
64656639393237386237303239306535383234653735303436663334623632363833316539303839
65626666373035633638633266383434663465326632353238343264653132326131323165363939
62333231663061386666636137376239366634643263636135306339636132333632383531356462
66316332336339326564653134346136363566656337663137636466363532323237373435313932
31393031366162316332356630653230643539393962343864356665663835643635613230396537
30616565356462643136333437343931633166306134336233653430353534643963373062383363
34313139633530613462656335323731663138363535333662653466373162633463383662393761
62353064316562333061323030616137643463633638613565396131653161643665393331303430
61306265326630623339633433316133323638653634626462656231663639656235613437656437
62666139356136303139633134316534376466343738366461353839363037353035343566393935
31353861313939353562376162366266636463383664663065616466646433383362643938333865
61383231653461373562663935323437383564346236333639336466306531626230366466626339
65303833613563393138396463356262636663643034656132396239313634396364613565643966
34383461333635353438353434643631623237653865616266356465313065313330623963623163
61353866633962653465376662666664333532666162313336633866333435373131383533363664
39633566643233353934323134623233633737643434653066396563623330616365616663393838
34313739643961303835333235376339663131333632356366383734353761626566363562363037
32636465616431396662386139626239396536303266633730366663323365646264393662313962
30333065323862393761613337323835376238316232663839386566626661623661396235396461
66633561386231646164363837336539393138623630613261623635643535306265656163626535
33363966333265333532336165376534653831306432386331656165316662373633356464373064
64373861363633363263646133616161653863363531616430316462663433383963653565326264
34636564386130663432666234323362333436323034656537653765323965336261666464613630
34393034376564616263363035623263643232356237306232633961616166623864373464386334
62366666343131653339353663323363666139316265346162366561623635316430336137366633
35646565396662313761653938663766626231356430383464373234653039323761353535363636
63653364656464626263663139313239303830396164653635326365303735363134653061323264
66623664636665646439646364616261636132316266633238363633343737333166346561623964
30343961643933633730613066366166316333666463663866653034323734353237353330356532
62316235303733316466613632636131373038396461326561336432613832316534333533333435
64336635363834303630356134303735356264303333646562333334613866383834356662333366
66303933303238363266363837326331623136336630393633333138353266373437316133383266
31346366313031306333333135643465616161303735653965623835353265383330626634346165
37316138323964333936306132303566356363386263323230643935646662396364303562616135
39303137316134643330313933306562633965316137663434323235616132316565653331646134
38393638356435313964383366363033346435393265313831646435323033353637616461356332
34373063613332326231333364346432353332333066396666313036346437646364373534653438
37356461643663643965316233633562306539663239346439326539333932366534613438636333
37666231346164653738663166373632653539613065636362313230373738646631393531623465
35373962353938633836613939306465376332656637626130366562626430633861646565343566
39356463366633303734376631326161613132666364663637666331333133373330633138363539
33313831616666396364353235646330373031323064366533366234353334313937346638653233
31363331333439653435303837343461653737646332376338393937366363363434316163316337
36343735326464353264303366333736613835316665663563313334616564363266613233646261
38323265646162343661633762636133336263343339373364373664623731346565373162653230
38643239386162376661333635306561306230636264396639623731656366303833346232656533
64396263386533336264376566356164633632656466356339316132346131383835383733376464
38356161613163353765363065396665643933636139656261323836663737383737383237643233
35353966623139363938636239613431663136653066636138363164313332346636373836666162
65646536383561633635323836656364343931306235323939363735646661316361353466616136
61613935623434666532366461396132646631326337646135613138313362636334653636616365
33363666663231623536326139303233656661303439373232386232303861356132336436376437
31646235396530366531386538323239663164373962366236393165363139663334356635333865
31343630333739303662376631343039666135323132663933326137663561373862376565643439
39396566623831633632376134623637363038376432393363383039643232333937616563336638
38353639323634336663636233626230323363363965633261623666663662333133373737353130
34613032376134663436373262303835306333373439333565323131616236616436323634623061
65356461313133363361353632653965313662666566393637316431656433633264633338336364
32623262663063643931393864386234666537313636376630623662363463656435666536333461
38316239313163653566323837366139373331666366653935333335383039316239363239313237
36396534346233343931326436643232373132353434306536653162303862623964643566303963
33313034623737343763313632646463633463633939306563333532633464313038363738353265
33376438633065343139366265633264383039346339383330353666303939623930393737306436
31333236363438323663353566383464396464613565366537303462393764666139623761623465
39303762386261353837356661653064643161356434613139316437303730313931386138653864
37653737353765663131306237363431313133616436393861323638636236613366663535326563
62383338643665623930653430303536333963633936363063383766393863623162393463316265
38323163633265646664653836666331663136386661383134366639366335306637636137633862
62363838613763616366363938666564653561373534333164366237653763303763343462373737
61306138383630636364363864336130386362343930363661333563306430636431343463633132
66336530616366633963376635613336323531623735633837353862356362383035393865373433
62383530366334646131663436663131393364313961396162366562633435646231663534623861
65633335613134656432346339353130613064666433303364633262643730313233653466323934
34323634646562663461323666636437303631363232656334616635393965353764393434643234
37346436353533633266303535343264633737633535326534356538396230666665336661386637
30326633356134386632653435383065316562303465643939643937343863313430623361633761
34383434616337633638323436306263393637306631373465663638323765346162643639356334
65333130386530663834313339393333386537356165316265363338643266663332633263356165
64336662343033303436653464653363383038343335393434336164343363343464326338383066
34633531396665346437623031323531626433633537336162666538613336626231346162376163
65626332356663643665366539636661386465633161333739303461396561353537646537663738
66373837313963616262663165396632343364373138343861656433303136663137316235376236
31373530373262633839393264613065643761353261313836326130626438666361343736346465
35313934336633323732613336303635656566396334353566323766333933396561366462313038
36383432633631373464316462646564626531393136353162623331653164646261363161373563
38306633633666396231346333653832636333363033303966636636666462346233376536663261
38636663626430663136386237353439396332323862643033396230343434393164626238363034
31626339623833333136666333346431636133653265303830323331363736353238353339646134
37313264303262646333346130306566366363666266646162323637363066646563386530323361
63363364633861376135376166646439633331636438303865396638373833393836333030633033
65303536633930353635376539613732313232353733333833376335346639393363346538653638
62383666613465343036333930313139323130633231313266356139393164313962383961373531
37646335643831303738356236373337306563363461663165623562326132613736326534666363
36326134386438613033623638663332356237343733363136643634303265326533663764346430
66363863343833333066623536386162646664323330343135326231346238646332336363386264
36373362666537623266313064636662353137346535363465623439373235633935393338613930
38336436323435663631616563313664626633666364383465396535313464626663333731656139
63613466356666323761656464356337316265653837613566343463363538326664646463373231
34346164336336646633386166666532383061343062663866623737383235393233346166303962
37353038383339396562626265313064666266613531366433666166306632373039313162363936
33353764663238626335396435646166643164636535653235363839333139646166623934363031
63623639636132613730313739643761663865303563633638356434326335613265666638393235
61653362336263646266656261303765333034643661333966623639633166633232626139393737
66366663643963373166386664626337623535646463373438373064643530633163613139323531
65303131323931326164306266633434373739633036346539343137343634646538303030336663
32616335323065656139613032626536633733656633356137656432303738643930303534643533
64336361376435656535643463633338323737623933326361366266643233663932623638366264
64373766333166346263343034333765316137626239646363393265363862306536363130333766
66613235643930356431623765616661393466363232343835323133393665366635623539643837
37363232343733643038663163393164636162633664353637623130346463356237343934653633
62633538656662396262636438643430323739396134316431333065313432633437313431646635
32643732616262613735376138633431393831303330323861623431366362373432356632653061
39336464373738323035613362343864373364623965323763633038373338376137306436616132
66653163353730333933623537333838393636376538323431356661633730343463656538343631
61386237343734326433303530653934303234336666613564623066393263646639326664633162
31646230363666663766376138613336636362613533633231666365666635346230653739633664
30306237346630633233303538626231373861383366616130303063656634376264316361643063
34623665633464326533326637363636653136616463343034623666376638353330343866653437
38323333636434303263303737333730363138363536613431396435346339393761656461386436
35626537656664343861343932393932363763383438333763303136646162386431613366343262
64383437316631613834356331326566383535336638623862623864323064626134343264303531
61663563373331323033626362316639623039666435373131366231346266643538336437643139
38386331316231643561616265356530656664636236313065336338333461616234363439386338
32373164336130633663336462366139373162343838393463393366396339653864353364623835
38346638393065613134316136393663353132323031326165373061383531323862636163353032
37313166323437613731373439343766396532356137303139643936653434363165396138333165
32393434393161366332393532363431363534616133363963353933303731653966366534343336
34376161393461306436306165343438383563326137643534633663363861356361633134383635
33653134643461323834663163323766353466306639333837376334346165333637636630386531
63656438393939653433636232333632366437616666343764386239373939656137643265613361
35616330323032326530306537343964363332653961646136353338336361386432326431343361
34373862343364633662393031346534643161343335306535316462353066636162643939326235
31393339313965303739356331373862393663613533376136613139316234626333333864363962
66663761643065373830326330626637326330643361356330653939386532396139366436323939
39346564346662393437663633336166623463316363336337313731396262333536396262323439
38373837643961313037383534373465306561636430626364623931303632323235616233653732
65336664396637333565383136373766333737333061396331366239653234333833643866313635
63346465636437353430656463323739363237626533313338353935633931343363613861613832
30366264363064333030626639623934306433333030333336386337313438353965333038363263
31356562303038336335353066656334326532396337633661306561383462353938353035306531
32363837646530353266643636373634393163613061313436613036643730313464663439356631
38656234626563363965653066386331306566663934616262353166353566333937396461306163
37646639616661383064356135616231326432316464623132376337336431636365643364643131
31613130653330623461393338363639663465373738313237343963656538383361323434306436
66656230313633666563633465363164353330626331303235613261393031613765643633653233
35613963323035663630333531376563326465333738306237643766343738646532623066656130
63623762636334393765633139363761653664366561643337636231316563656161383832653530
63623237633465323839663634663063613638653631393533343633313132396533353733396562
62343564613162393236353566333832663030313762666235393365386163646661616431336630
61643133643435373137633062366239383234643038303038323764353636383439346334303665
33383265346434663336376363633366303434636637643735623631326235643034663366613562
62326638386238633364326332353537636434646331376635393638303166626434333462333732
31313837333164613937343038366330306262626239373333326531646131323730633037633862
64356431353862303563383037656162356332356163643064396639643962356336353065653264
33613431313731623666666162346334643863376564366361343930663530656331346666313534
37653833373635316632623837333066323762343462636433643861616666623736646238613963
37346336353835343933626331373530373437636136396137623639653831373336306232323737
61356433663332363066376362326138366666373166393434343631646636316263356435383532
35633031343264383331333633356234653638363831376539623761623032353835663131623733
65653464633466393062623635626630383830343065666138396534326136303738653533643763
63383835653030393139353730313265336439383766313633326530336137303166663630653266
36653735636332383964386337663637636535373963323532656562303833373338643763313635
65663662393966353937633836376538646264383062316363326465366430306333646636663634
34373164323535656531646333363032643939623566303034376161383266343066346339316231
63623863376232336135326536646563303730666439306162386637393535326636323235346632
32393066393066396563323964663634643234366631623732636336393562383262303262383733
33646565353864326131346164333638373166333034313333316531343037306538353634366437
36623463373138326464303939323731376533643031616466386466326334396137666333303632
64663739373034666262623366383236323431363936383936646661396335663664623639636366
37663965613564396631313563376337353036626139616536636634643032383538623966373030
34363064643763373266343330643032363437666530613166656430323334653131303636383537
61663334626332636336333761333138333130316333326632313434386434666330323133623530
34636235343538626561393831636563373466363236343038393932386538653864376434663230
64323236353133666262326561633537636536333039363533333935313039623562333730383031
64643033353739613433303632396564663737356238666139363063386132373034356633643861
61656565636166623565623963616337393635386364313562666530653934646431336538343365
39666331623736643636363266383237636336376433393464386536376237363135666138393162
36366437356533316338663565336634303466623834636333343239386161633430643261663130
64613865376639353235663361353435313038633934623333393134663933353963333734383035
65303936373264633536616231326165656266303466393533373962623964386665383663363436
36306163343562613732353462663739333335363866323938306562616461323062326236393364
64386139653864666566643232396232646430366165626566363366653166353962646636666634
31643033613861393332386264373064373764333335333432343666343933623035653964623739
65373361333139663636306464656534646163313264333563393064343635663763363664616531
65626132613838353938346361643862383535373239383064333563616263363238396330663263
37373830376436663261613362333362613164363738333838616230303436366532653935656261
32666138373439313035303964316433386564333539666430383136343434396136643737386664
66613130303636383237313762353164313838353661353239373737383566316530306536343962
61343130323832323833326633336534333335366236363634616136356434383433353637336437
32646638383061376434336130643264633330623561356535633638633932323464633838333630
35666161393134353836313262633935643930333135633362633466643631663563336436646233
30333266356236643365326631386136646165306361356331656639343537643562353338313837
36353830373631386434363362306235626631383830333838623531386338336361383934623139
37613936386632643339336239356535313936626539343936323363663233306537633537313233
30373062376333643835343630383766326432656634623265343032343736366464343238613335
62346135326266333835306666646231303530633362666564336432353437333237613063313062
39616532373033313261373334613638373534333063303538373336373932343465373938336331
61353633373935396231383538343136383261303831336434643563336638393965653939623430
65633666663666313637303362303563306334323938623966373536306234626365643333316364
33623134356234373135393938363132386533643734363761306562653733336264346531343131
35383737353964616130646139316266316636656533613331316563356466353165393162643466
63636330656635353463623237323036306238333337363063626333616362633534336135656263
64376266646561333162383832613464356666666365666665653435383937616661356466323338
30383934306362353766396539316435376361653239383033353839613765643530653838333966
37343864663837306363643866356635653930663737303262646337613662623038346638396335
32613064333362666262656330653462303963363038633339636437653238343436393539626636
36613862663933653031393433336238613730346630326462646136303662646233633264386565
66313632613632383266613532663861373963646537323163663634633264343463316237333032
62343937373365313134636363653163316334363766326664323363306630376334643330333165
66663633623239333065653930326261616465346439383464346537376237663430326464333633
62616531376161663432656563393435373465393338663938633265393839356230346339363636
39333332353432393665396238643230346261653536613636353230633466626133656265333866
64343938613837653166313838386438383334656533666432653532363264363361663365363362
30376130373030646665396365636430373735346239363633323962656236633664333639653136
37323735326564633864623662356137663363633434386637653935643364396235613433393465
39373063393037376563316632376634316663616234383534656532623438633462303361643438
62663366393734656132393463373636626436336537336132626332343138333964646464636161
34326463306163396566353262363461316164626364383439366233313135633166396162363266
34383830376165346666316336636665333666303433653930636665663535323663656163316333
34356262383930636432336330336662666435616364623439303139656264323534386431323231
63313663663564333438343630646361646164363963613532366435303532363138323139346663
63643030393464623437306534386466363339383436666334323837306361663364656563646535
61376262373031376534393566633535376130633239333534623239653861323133643533303037
39386433663030396336626362626537333738393865316530663531366530313336386238363938
39366536356533333066346233303263333161316636353639613839346130376565633939393931
33313365633836383830303539373138643831653365306539303330666539373235303639633838
34633961356364326139313737656638353732393862333938613162383333616635663564323762
39626636613934303866356330666136323365623036613664666132336565316364613861376131
30643035393139656330373835363939663639643131376264376339666137646466646333376636
36643130343635396139313963653665653263303839363265303538313336363264333030623963
63316132363662613334333664656438393537616334616266313864666138656537363436303438
61343063373634333737353634386333636233653265383938316162653332353965313062353164
30333430353161313530343038626636666137623865636635663063633033653039383066653564
31663630623835376565663131393066336439316530613664353561373639646236353437393466
64373038353439613039383436383363393065643132663031316232316364333236656339343666
63643937336238316261613939656563613831626363386439656631643465373266333935396662
34613564373738343836316365646531653266633161613236373536643838333864376466376562
31353062636135393237333137333832333062613363343261323261306237386531353136613164
35366233653437643834396635313962613862626366636134616364663532383664626163373363
32336539356166646432636339623366623232336662623238356331323034616131373236653232
33636637343036623562336562653938396566303064386531616666386433363031636462613963
66356666613664623065333638666238633863343434666337316137323331386635663031623437
31333635386136373061313736353332346635343938396239303838323564363364323834663366
34356436316663643262376635643634656331313261646136303231303464303533386431386637
31383237326439396139333139393436633733613464356134616638353365383362393236613463
35333661396131653465353164343230326464396562643561316233613732636162643532653762
62383662366635393261656334636635616230666633333334626532373161626130363965366431
65633632393633656537656166306333666166343735363263656462303433313434656131373239
61303932313066333336636335383964386635646530623131333932396562383236653633633661
63646533646535333362383738656434333662346264353761663936306235363039646337343234
31666331666465613331386632363664626136363338633738643532353164386433363637623630
32623761353733616664313734616566386663666134653533373432373762373934343561306661
65323765346134396161616464373430376233653261393466363539656339353132313965653961
62353235653930336365646334636436346331356431653064663536363131623761653364346462
35376634666664336531616563346439396266323634386363306332643539646530316334353633
66323039386330383731373764383139373035663834646538383831613365613961653264323130
33323066383765376437656638663662376138626430356666393036323030613136316234656637
61346438396431663065643263356235626336313937346364663831333332633732646330336334
32663533653662656531653866346430366435386439656332313933363638386139613739613031
64623935643764316366623233656162663866323435376135616165373263363164633739396132
30356465656231616336363537663532653531346337633335663564306632616235363162306466
30326438636639643739633639626431633838313365653032376234363938396263613566636665
38616461656330303839323533626433646264623830346163313766626331306161623037636436
39316235393633636165316531353465343038653261346464613038316431666631386164313230
61313765313338666632663934623462643538383236613865333036313038613961303336313138
31623265623765633466633636633663353038666535353966616364383735303362633334363739
64373566306564303134626539343436646630323762613661323733333864653036306139656465
38626566643132613664656135653562326663353738653639323031336334326663323030343863
63623533313364383732383933633430356165316530396339626566633331653862633236306365
32303862613837336535626332333336613065396566396335626538356162613430303136303237
64613137663433366537373030653936653762653938353231626233646238346135336532393466
35326361383132306631336533626636633539316633336430616639323965636135323563646561
38376130366562633734393433633862303765383766376330353462316565663863386336313963
38393437666466393233366231643763623063623531633538326632313961336534623134343333
65393433333436383531643664353731613032653335303863613561396236353633616336653037
39613232653734623532373366616535666636333834343437336533363730666139353638643335
31373661323062376239303833633135366437656136376336356337323335376165663334306234
39656161396537373362343363393934396564303164386262333437363562303033336166656361
35303235396239633763396561333638313365303262643861303163656166643863356435333262
37616439353634396438643363623935333930373236646239313964363232323462643131346466
65356662623234653439366362613432393131333934393631373366383338373166333661353532
31613432383833383333333531356164653537636130666631333136623062326637633637663332
33353935346161333565373733333766333866643038626166323931366635656536623133633838
35353635643035626262383235336538363364363737383366373636643430666235616536636432
37333630616263373835303031353632633464303735363139353030363563386562613333386262
64316432396566343662303632383435613433646330653931653233343961653232633236653633
38336364663334353136613932336638336232643131643834346362313766366362643436656566
32616630643139666232626465666537363234343532323763626466326564396162633634613831
62333134336131646537616534653864633466663364373936386362336265626235373334663634
33343433303334636132646132376232316435303864623832303035363632643435666535353634
66613430303634306333336637666265666231386238666130343039623131616537643132383639
33323832633639313435366161386539613439313065626463663338323235633566346365333561
62323531663538376538636564623165373237663365393831623432346465616536626162633036
66636536653438333965623333303865393334656564306532653530323761373337623566646630
35633635623233633738383933346661323634383939353664356661393465373135633964613534
38316530376538306130666530646135376562353337343437346531646131636563356135363933
38653862633764383561336532396664373138633031386236633334323739613430656438333962
30663961666430383161353064386563396666326634616363303032303336346161333737386465
66303664663933633334313338326362336632393335313430333864663461333832316561306132
37636262303934316563313533323164363434633132623733313838326332396462393538666663
32653132333232616534323262663861303733343035306430303764363230343639303032626335
35363364306232303538633663383732363162313161656430336332353264363439643832313864
62616436383466346466333666343230393836623565363162623934353338663834623163666135
63333032633036306362383237333839643363343262346631616365663032613831343831306630
33656137653664353838343164366262623931306630616230366639366631396166653665333630
66393230303236323361633838386236383834323132343432333637393136376533366663616132
62333337306434616538343335356566336163346437646165653362323839363862646637313234
66396166646630363536643935653138616562616338663431323931626262613533396430363234
64373066353939663435396562306562623266386331636531646262623937343836626338373238
37323462316365643061336631363337353563346366373334343464656135626630313465313566
63383139306238666364646232633139663033316637343536346362313034366437366531393237
62613134316131383330333933323161343662643363333166343639626133383465343663303339
63633831616562366535343037666366613030633664666163626630666464326139353631653239
65333763626465383262316338633731613365366266306233303834366530626664623434333937
34633565306232323263376163356639323637633666356639346530666437316337663335666435
39396164633530303966326664663939393834366234313763653932326336623231626265393566
66643233323664323437353934326163333531373134346261383338303463313430666331623530
37323335313264326361336365306631383362616465303537306633616434386164333238656464
64636630353632343331323164653231323362636361373061313137643833633634383362646336
34343537663065336137663039643332613865616566373365356361366534393637653636633434
64633938653931333230386663393366393863643662386432666665636237326330653637346632
61326137316166373337333363363735356438363335333361383233666666323631346634613530
66663761643435333936386564386432626238326531343966313738333839626465356466333133
32313734303033303566313137626339633830333634393664343863346532323131633263336137
32626166393739346262353166356533633461636566666561666262613939383439633566346536
39353762616261303461633066396339326230346436326362353439313166383938353661393166
38343963306434363838343065653833656637333038623330343762633762623264623063616532
63393565326261323535656133396263336161363230653764356632343361613230636633336437
66633233346535356561663239353664323536633162353038303563653930663237336532653866
35306336613931396233336335323637333765383534326231366266313633646639386633356139
30333839356365366232656438393363303761353933353863393337333738626361656130363530
38326139623438346234663135353335626431663063306666313063323132376632373862633663
31363838633662656531666663663166323865633431613330623063646132373436353936323335
32393536383562363631346334613763626132386336626461343031323161323239623338616565
31666665366435616365363037373435336236616436343436633933623833343361633263643932
65633639363637353638353162363738343761643061643330376237333836313363336663373766
62396336343336346538393230393038646535393235663234306361386533313361623235626337
33643836356437613030636263376337306263363130646537316365633131643236623763656638
33656530633330663065623735373963643164613732313162666233343738343432303565623334
32646565373764666566343862373730656531373065643731663737663131396536393031663561
33653734633137656138363331653139316331613961633732303037383534343231656165623334
32326639353063343237663531306162326139393034366339353365386135373532633865303665
31333932613136656633313636343232306433333666333864633866663034656136303632363163
36626561323430393237616237646562356435623362306364346539343562373931316236366435
35346135616166666633383162333362613262363434303531653362316238383332616164383865
37323434656164643434626466356432623432386333386636656634336566626133373638636438
32396635623133383332663436613934613166633430643033326466326633626462383734343231
32316238643732633034336638646230373232653435336265366333633733633137346339323162
64346163613239366138353134353561643464643166623331346636616339383033393633663835
62393830623239633934383162626262643138396632326130653163626639396233343533366563
64666537386536656633343665393333386163653431303231353634353863383035343865653565
33373836396337646465653665376663653635393135303334623138393936623162373636643334
62653532646339373031316464393437613837386337646530613939663938393562353731663038
37626138363434656564653830656137643665326637323932623434653563373066303136636232
32636435316263306536303963386533623366393534666137333166626534303236663036646231
39653337376634376633636631383430393166366336383930613137636164376237643938363538
33333633386539333962346266323633623239613036353864383762633861616230646138346536
66633139623865313036333439396431663436666535663437333566363031366230396532623061
66626161336664643532303931616633313539666363316535346532323665303464663032373133
37346331646362623662626663653137313264396231623662343261366536356137376532613962
64643032363834663335636138613263386162376230343636643962393864383631663536363663
63346533373132336231326232343461353239353664363732376335333932363830653738303337
32633166303738663264373634303265313265303634633833323334353531626333663766666561
37326331633565373738303034303563383236373532323537333539666461393039393966613264
39393163336366376136626364396430626331623030393136396463623165633865396433303537
63376161636462376539316265653830626262366365323733646638376330333562633533616561
37666466336238343566386139643864323037396132366262313136353632326437366330316436
34383136333538373263373534346136386534353964336535313332316136373962363839616532
64383430623733653465636361306634623538393662313562383261346131623039363237363634
33313764666163323534373831346165303934306235393831303161323231613466643731333137
37633338303138313039643462653530393339626539383332666333393431613037366638663065
32316130663231316438323735363839366436626666323562336536633866343466313466326236
66396333333265326535636338386366376530383735623630643633393635663463313630303865
39346130323638633037613664653532386234366663383832646336376266326663653331353336
31373465666335376461396563643033663135326538323565313139336663303638653137313662
32396636353965396532316436326464383264333931343939333961613033306630353263366462
30346163613264386538626330356133373465613965356265363338303166396438643731623835
62353561396438623732343231343034646134376230613464313239643430306433616434363461
37666332323764343863623066353332623264643166326261666134666663353036353530356533
35336333376534613361383863316265653330663337313735653633373135393866653233386232
64346435636464353036363166383133363466613731636430393862363163363731343162336330
62636366633538373563623363393864333431323331383935306234646533353565303039373838
66353966313232613462396662353135343063373031646634356464356261373463636530383231
35623230636233323938353133613366386637303530333435616563333435646162626231666535
62313564613166633936373466393935643434386437313339326531333837353362616534626230
65316130323834616232626134393266323965306465356263363565376365623636643739616332
36646261353833373534363639653035373663306136346234313339396231613734366638333435
66333261363438323662633663376463653361323433613033336535396264636136323665616662
39316164643861333734373066313338316238316638366139326531353331656537356362623862
39343761376362653638333666353664396463366132633563333439643631376537623834356238
39656539383531303662336232653061333963306336316463316436333466383636643539326161
31613431333233636361333936396534373961643166663533383230333764333132313337363562
34626561643631323661613364663137643232373833316263633033613964653765373863353439
64323635316234323762313965636539623363383031633934653133616266656461323363643865
35326665396131326532346162666231383734323963613262333062343438333762666637343337
32343031303337633737336536363934333931663730353438663662306561656538623038646564
35373637346336373733663935613431626335383964326365656537333737376663646661386538
35623037373830356166323039343963383735656263623632383662346235343330393561663661
31346638353132343364343065343331353137623535346636356364383162616331366237313965
30356532363466373238313864343335656433306439373064383563376237303265366465613466
63316235353838633135313731613835386338353961646139656238353162373033326464396461
66623336356235323639353236656361346631313566353533343638376432313064396165633465
30653433303463633861313561666130363466343738383431316132626236373234646435393964
63626436333634626535396239303865303030633632386439323265666464346666373864636166
66623032396135306430613839656532646265313366623536616139333236323061376365323131
30663164636133356163303964656164613663623061323463363063313539303830653566383766
32346435663334343665333830333139336362656437353763363661383135333838663935333766
31346335313863386532656334343331663339343137636339303838383761636462633730643864
33393739383030613132373133346439363565366263373336353331356662383366666431653265
61323737663633376163346431373263306237323437613461646165636230326366383963663866
37333162353136306162653334333366656262373362373733363239343137663161313366386362
34323533653836316463313934306461613363626236323435343738653235363838333033633834
32333535336131333662343834363038303933313732363733303137323831633466343163323665
66383064363131393461383464326562356563373664373738623831633062643134303338376232
36376364333963336237643432366538346366353931663030353839316638643266646237393565
39626430653836656133303537386137376462666132383838376463653930356564356132343435
34393766383436316362663639303164303566326635353663643635323361303666633131653563
36663031393239653061363138353465353934323264323937636136373534313636366464396138
32613262343737643064326532306531363562623864383563646334353338643634393966326537
31386535656639303131653438366264653366623735353062376164666136373136643263333534
32656337343230396462656262353430623265383865333464373737303966313035356462643338
34646130373866386530323063353730306261363739313632336262373039636238376632653339
30316361333030363562376262373335323238323531363939303866333734646232613961373439
32613633633430376239623463646561393566633963343334303633623762306539383862666531
35646430313233623131316361626635376134613933333830376333623436343363643362326632
62636133396336656363646563396237313634313564656634643233353532383938633639386333
35333333303835343363356330393037363432383665383935643466646566333462396230343632
36326638373338316334633762666431633164663131373835623833386438666230343131376566
34306261363534616339383835363332313930656130643932613763306665643365316664356566
35353330303938336231366133346666316334396262646530373432386264656165646231613735
32303339333766363836366330633438646139353561656632346635613065383631363664356166
39643137303139386165353930303836363735633437626636306235626230396235306361373864
36373132653531623664393435656566663834363036336537656335626130663565326232633430
63646562303636343836323236353066643033306131636562363362663336643761343266366361
30643363643431396636323838303432303330643739353838306166643862613665646339646231
30323732353762623964663737646533366263626462303631356532363661633435646435393264
31396538626263376539636666393732376131383663356530383434386136653633623030373934
36323837616463393337343363636235303237663866636532656433353061623566373138646461
34666263393666303635323637616666393066343263643538383063383037383937386235373831
61323036626639396362373062303364313135386463623139373762343932313966363038656236
61316266633263643063343563346363396236346536313836663539306530643232633266363336
64666265356339633863343535623437643235363264393734316161306336616338613238323035
63613033363065373964623763633264653865616466613463393434363931303463386431643634
32373763343764373838626264653330333730366333653566393535373062363936376537613738
63333239383761343264623032383835303261633135366264316530376237633636336338643236
36316564623630636137636464386464633634373932633464613864306363343130643966656665
31363366336437353165376164383934333761343738353266306261313261373363376262633161
65373730373363643238366636316639386165383933366265396233393832393832313661386333
63323937333465643135323135386337333532383864363731616438303037626238353266616437
30373637333765336635333838336261353262323963363838383461666532383563656330323333
61393338326166663936376236646265333366346537333434343630616366646162636636653231
30363235343231656238353230613662303230363766633139306563613765336430346235623732
34363534376235366261623034376665333231326562326230343134346566366430663666613664
32646365363638353638366365303337636436646230623935373966376230383965633966393236
38316131373264343866373231323333356338383430373763633762316562363361623631666533
33323833626130376639383837313866313630613137633064656637376239343833303165396233
64353933383234396564666564613161343236623266666438623464386463333732616536633763
31643633376439343332373865633630333561363436653237656533326661363936643563306438
61336538613663656436663331363632623931656136336262623230646639363961656463333662
30363066623733313562316462323137353562343031653563656237323033326266386135386235
32613739643139616263353034303865323939663231313862646139376561396164373031656264
66336339303835323934636431323835636334376530346333393162383235383063333335356635
39346533333132343234343333633334323361386131633331396535383035663238396234666532
61613063633032363935613533613235313739396435633163633330346236303731633463336238
61616337373463306162396138376630656338663663316531616662396635393535376239636165
65386265383165323237353833386662613737346161666537333262633630653266613132616266
34646139323633613564313264303964353336336166393663616430613735393534396363383239
62386434313362313362343534313338376635336336653935633531663664366631626237656437
36613435346436356135616364393739356565663136666665343434613532626665366634303563
33623461373633643861353739396636383536393831656136383863393561353931336265633037
38666162353065313930393638666164336236643031326333316233353636343335616532613063
31313835376337376361633439643066343863343062373833366439383336633636333536613862
32643764363333303731383966626233383230393463653030393730653537353830396163393538
37646162326566643239303036333362393864653331386137373230613061363038643738343665
66646339626664393361323334333530306166363336383037353563353132316330643339356137
30353631666639333431323330343034656363633937633931666432336632333662313532666634
61363461356431346332623438353638643834313137316631663833313935356630646161613264
63653631386535336161393939333235303265306435383161643434306438653439336461643564
62383634303338666262333164336433373632663439616561346366343233373933333233383964
30383730303866383036363733633938346261336136326632396336613338386539336634393339
64323966613266346230326166363339366630343535333032616261656365633938376430626461
64396336653730663331346666356239306532303537363866333233613234346136353866373634
33313535323965333062303336353030393033646234343834656362376464373063393734633838
33666664343935366466353833366464386166633834316439323764636466653738313365633964
39666335373532303766653964613534326139373961393163376532333166386665313734313833
62323462353535643739396235643630376565646536356464383034393164613664313338626661
65343766363236363266316535386366316236346434363839323637303361666665386137653433
36653638316264363162623562303237333234323435663465666361353866333763353133313531
61306364383966346632386339666263623534313932303361326139366334346236323162396438
65303636343464306535633433353163663036366432633936646364356433653662353265366135
62626339316632666437383465303735633237303166336139393033646366323433623664353437
30613437333461306439633866656536393664613732646662363335653733346431346139663664
61336365393061373530393931333935616461666265643337373533373434663366663839323636
61356666396362323632633334336133666433363631303035666233663839343638633539386234
32396434616164343362343561383037663534663766306232316536623236626266366433373436
63396636626538373463633735653066663364656137633432316337396166333635393638373061
64356234623463353964336362336464323332623139376564326436623861376462333462633834
30653533303734343938656633373537396564653930633261623338656139343033356232326137
65643439333065643731353463616162633831343061366235353065393939376532663935616539
30623936663939623264343630636463353436323064353634333063303336646262303539383839
64393063613138313236363332326436353062306335313561376431336431656337343638613134
37623434663738303962383533666531383462333366393436353932643732393434643437366462
37303938393662626537643363666563636666303938393861313162356364646436633730386565
66396434666362326263643837623736373138663332323166626431633462313935343665303562
38323736306166613061303832613138323163653564323238613336653136323137343162623038
32323234623765396132333063623862666262393935346262643333626333656561663834326538
66343431666634373162643030666534653033356462653861313337313638613862663831656365
63633962326233643337373531656238393365363939663065343062303263386465666333386464
65383934383536313831333032356630396666633064326530356331326666396334303961306665
65306439343635343039653439613464616361613566333466663837376239396136386163613366
37313133373038613363316335366234386532353836333133393737623938656134373966353136
36663863306136653533346439393834656264383036393234326566306131653330363832623231
31636462303166366331306436366136633165666539633530303637326338306530353261323430
34383631653466346635303065613131353366356262636264363537623963373138323164333438
34313163663763396432383037623836363835356261653331653664623038386664303431383838
37333430386264373634373535313863323262366333623563356331356362656665303136346634
63343464353538353734626663323230316537626134616433386562636438373937343633643336
64383764353264333366356437613031353031316661313466333732343237326637323537396233
64666332383266356461396133366162376135666164323731633832336433303530663031303839
37636131666534646130326631393039306262376631336261343163366262323139393065326639
34386361366565666230383239393333346464396636343565656439383262353066373035306230
33653131613265373263626134366437323437313265303033333231376662613263366537306539
36343366343866373563343766303638346238643933356265316534386338316430616663323130
66643262623932613133333538393634663430633832636363636534613536366239383135316362
66623038343836653439653337666132616130333863323264666332306264343835623736646438
63346664616163636636386233366332346131633332663035386234656137313331613330356436
31633661646539623534646139663638396461343036356139366236396563356630306539336636
32366230663031643031323432616234353538613162653232323063376236376538313165376239
34643134333462663465636664323734343064366238333230303365613936303862666537613765
62336263343061663461633863343661396162646239613664303162663438313731333362326664
33313636376231663461333239363333643164333334623261373539306535656366643136366364
66393532393764326562623330313938663335636164646130653730353937636464373366643634
34633332353238383437373838653334313137613064613332643864323837623435386636623666
31653563626635633633326263646365383464626232313133633664643966633136393965623332
36393930366666663131323536343536353033373132646234623331646435353135343638303164
33303866643162333535396332303832323233323561623733376564353365656533666339643161
66336262653365613834376464303830646233393262656431626661336662666130366430386238
64646237323838636332376638633432383833326363306463333932646431313435613633396337
30343231656662633233346164623530393531613835613830616433316566613666313232646538
30343335313332636334393435366335643136346534656637323535376566313263353266653336
61396536623939323238646664353630626130383231646464383564333565333535636230653238
65356239376266343930656162303739343061313835353834386437363437396366333363393036
34303662666532646536303863376438383164383438316530613936346334383864366563656561
32336137333339386362393264633866346432336230333038363766353263626230323965643263
65366561616234643562373132323532623330366231343339333339633438306536646165303330
36366266616630363635386636313833356338356363373530326562356339363364656165393935
37303864336532373266353237633135343733663337353633666631623739663637333462663233
65316139656639663932646236653964376635616235383830363630333962643337353766333030
32666239663064613937316334303061666333656665396630373133653162626336626461363965
32643263643938393435333366663463376564646436333065323662346262353034333863373130
65613331366430656130626335366362353962616530643461323366616530376232653633366637
64616132383635656162646166643138373434623435346131666661316665636162663835336534
31393364303636306535326465363134323631393165646434386535353932666661646563383566
62343864373734366439346635653962653961393039376438343739633038343465623935383037
35376464636463396462336462346437306663376632636539316264363766356337366461303262
32346231396662626664386431633430323266346265313465613338623136666465376666623063
64386631656632653662626339373466323136633131333736333134633636323038613638666533
31643634636566393333363732636433303161386463616538633532643032626564393637326133
64353566666131646631626339613630316466646330363662636665623030373534366663366638
34353532336365316130613038373630316265386165323665306330353438383133343466393430
61313839663334376237373562613737383561336164303539363936633138356435396430643238
31306535346439666366383362653734303836353836393536376165656562623531636166653438
33353836393839376163353333313264636530363737363839373132306464306534663435613261
32653837393266663836326639646437623536623466393738613436613335386538376134313962
35643239346565353130396637656466613764663236626630636635393663376463303836303837
63306562646366646461353535653431633064623565333032356466656433653566363136646466
62613366646562663539333036646332346434353633306331366339316634646563653133333662
65613736366162313539363035383062613062633762303864623633376539663133306166303036
32376665646461333137323031393663653665616264643562333730653239323466663362306339
65383938656638323961386234386433396462303039636133653264383837386366333564336132
36653332316365653938616666643835373265623234323132343137613033383232663666383336
34326331346530353333316461316163663232323061333631373638626162363334306637303739
65336362663965353539386166373833333737373837313834643262396231623030303165626337
62643038653339366631623963616535643834306533653965653536633331333563303232613438
62636430373864346639393561363538316330656662363961646534313130353833663138303632
36616233303863393832366332353532336666333863616238333562346232326462333032393765
32396632656566326230346162616265363632376333626562393864356434666333373138306637
65643763313330653533613233396139613165373763323739383834353732353136356132346466
66393166326162363765326366653562323361376261333065643730353531353766316233346434
37333434663732643334626664653261383832383264366363373130326462336631383433363263
38386532666365636666343537646631326136643165323265643434313839303262653032633861
33616230363662336663356137626133313537383164656431663535616239313931643065306336
30643135356639373437363735616165616335383161313638353365363035306438613362396235
38373531343735353831353562343535303366623730633836333765393139353833353134653131
34666566333533366266383938393235393930613033353830366336383137353562323163333062
39623265373133626436303533333464323536636435313964616531646230396535373761343439
34356337303739626435613764323739646238316662356565303039373561613538376238303937
66626335653031653038303261653635646331356365323833646333363566626233613432636466
35326266326636393766306534313462653034346530346533353630616535653133373362633531
66323562336339666232313962343237343632633436623139373232623038393733386337653031
30373562653264333532656438626639373463363833333839376164656466636263343836303463
65386434653366313965316639326464353665343336386438353361356239326537393862303131
36613938653036623039306236353435663962623866363464323066363138306539636234333133
35333236333334656437376134646339303066303866366363613537633166346262373131316136
37616262613430623539366462643030643830393066663333626134656434623031316537616162
34396138333239306665313934396634303730616231383063396234323330326163636666333762
64636662643738623134383332313539616430383438333765373339396563393135653833633866
61383239306663376536626137623430616634646431343537303966363464623538303064666335
61346434633061303062316235373334386633626236646166383061313066633535653065353032
66363464356330383438666365623261356134386239313863613933393361383463393733373833
65636131373265376435336534663266376336366339306361663837346531303131353037663735
65323663343835356430653134396562643532363565396266333832643030623536303439316636
30626139656539623364636132333862316463363932383662666462633061616263363065306663
66333139356438323632366163333833303831623362633235366166366633396666643333613362
64363131626233653039643139643662303062333836393837626233316636323238366333636161
34346263613230363862666636313736616631656236626338373338383935383738313965376538
30646163373134333132396139663037333330653332396663613732363935346335663865653736
39336436633163323261613065636337396364643531656461316532636231313466653766663736
66303438663539656131646333616634666636616139663232666435366331616462363363646531
31356538613439633264616338313165396461656236613465616666333166323634666538653430
63636235643934616333386265313035643032383563613733343833353335656139333364313031
36313934663961656333653434383162626631343434626539653064613264643162336533666239
66313936313439633566303265386635366135633133623432663361316637306539303937343730
34663934383461313235623437343761333233663931356464623437666661343363353933633163
37323336346633326265313531643139616666633033616630646561663261333265376630336333
63316664366433306161316132663734326432333732353564323637653864333136373065356137
64633935323562333964383236376565306137363836346661626530313330636238653862626230
31613864366137613362646566653137643233323632643136613561343362656565343963326237
65303162616639323663316535656435396566356563643465653263613033633934353763303230
37353830353161626531386131386531306663356338343932383031643431666266643630313439
61313433346631386538646636393135633337303361333864633033656433646434363964353839
61616461336465656437393762356137626231376434313062643735636666643336313239616535
38373730336433633535393930363564346135303363303330633337303830363665303130333734
61326565303036373465636232343435643238316239343331366165346132383534396237653233
31336563633235643031613034363665386638623436383662383361656162333634616463343364
31393738366462613164623337326361646138623238653233646630306431643832613537623163
64343834663865636538346134666636626266616564303662633863353633303035653138313263
31393366613933306162316330633363363736623565656139303039366561393636306464363766
31623266313735313431633965656333623131343737306261323064663139333462633539396330
64323438643938626432666537336633336637616261633032613566636638653336616533376534
37653438613563303763316363626536316238623538353163643736313366636238306634383765
63653364653930333064636236366536653532396231613866323666643163623938366638663663
31643337646634613634653664373263326365346436373366636537613033343263356639313134
33393334633530383933643565353066363030663763373563623133316463326565376438633737
36366637303233376437396634333534643563393939633432666162333136363434343231303963
31366239383363633163643939623438616463613364613032336135346465636262613636303366
36366236666439353464346536373535663436306330636238633161396235656436356163316663
33643331363562336466646365323664323365356465323532646631663632656162376130366162
34626362356165383937393866383838626132303337356630623933656437626634326337353530
34313339663734616365316462636134323863303133643766306236656561626133393731663665
37376665663336313332316533373261356439343230373635323064393238623930353639383963
35663336653064366332323339343235313666386439613664623730666136633061396465313635
64353439343339653433313634656137633662333966353233366337336564353533643965663134
62646435333063306265303936353437656638356463393663323332393339363232653264376639
31616233323334383037346133646435353032356663336264316234636631633261366362633261
38376630393763363134653437383063386136616661353364633661303963643037636661633864
31383232393434356631393735623736623139306333626461643236396463373434613466333364
31623939333731663431303130643466646431306666643562373639303830373335323661393530
65626637633534366635313937343862316639366338633737373765346439623134373761653332
33663936323166393436343235366465666438626464623530393532353738663864326631383031
62356664306333666431306332333635303263313233363634316330383132393238363736653762
36346635653038363563376339306462386634343764353031336131313336316231303662303665
35353766373263623038623634316133656532643266663037363163633632353233663531666661
64666532333538653135316164393834643262346362303961313639306365633064316432343236
36366362356161303662343561653338383037616663386434386133333132313730633338616336
30343462636461376336346136343265313531346662336465393436343963393766306666376563
38626162353963306137333762633361356263653565336638643461643931323235373834346564
61303061356439313138633261323539646331386431343534666465633762323466393365333065
38643032633066633131393666376464663264336263636231383266663833313036653530343936
34363565383362316239613133636463303937663933333335336232383061383237323931343839
65343834323262653739333634376361353736653166316435633765323432356462326537656666
63366234626634316634363931383735386465663837373566376239643766343363633330616531
62663363623133356333336230633735626264626139643164363065346335323464363564633963
38363963663566326464353034303033353830336232653862653761336434383131346534356537
64666634613864636538656633633133353636393431313933346363653465386439386266363034
30653033643366356364386138386432343839353665333833396130356264613461616537343537
36336162356461333436333833363961666264346566373030653563323135393435333763366263
61313432353836306230373061393839326165663137643334326135616234616334636235333836
36613134366438363966663964376631663933366363343433313163326239626464623338366635
30376663306339313232396562376234303933303463383861313539623432323663363362613638
63643438653261326234613138663862366334323665656333333665326431323139623733386233
34393036623538303665616533343738653835336266333838656262346639333132376163656532
39356530373335353439643663626533393330366631396634316536333036626564333630646462
33646336356265643431613762663435333637333030656664393366663463306463636632666562
32343439366565653665666432376536393138336235383663626436643863613036303731333666
63326437633532383864636539353865383463316162363364623766333236363062623337373465
37616363393034636636363430653437383934363138616130646537616565326166353538303036
37356537333065613461613438376237366137393132616664366636343766613739623033376630
36633331373231656531646466626632356634346235356530356530306461646530303030613431
35303838623139383335333536653639363166623137313762366562613963326164356534303766
66383865393134353630313335376363653138376436333739333838623964396162626364373465
66373436363837613561306530376265346664643532336164323632386661323136626334303735
64623533643035343635616563353735663932646163373665363664643737333634616231326462
63656263346163343230613535366265616366666432333933613565376137636534376561643961
63353538653437646535633564663538616638366564313338326130666462663633653363653238
39343335643131346535653663353231326139393761343465346631666537666362303362626635
62353735313961643935353739316334646436366261356531616266623030623464306365323231
65663237343335346331376365653038333437393438613335373162353266353132313861303730
61313831373866613739313030623734363232646365393764306633323839346631613731393766
34356663313434303636663261346330663133393532633033626231663431353431336165623566
62666165366137356561356366376631356435373630356230356266386230313137386562643334
32663630373666393036323637363162396131303765326364386562393338386235643033326264
35336137646265386463306630343336326431626235303566353233636133653361363932333938
33333866643235373664373535303035343737343230623033306237306439633562363937326531
33623862626635343330313735366534626434366138366330613936396637333462636338373336
33313431393435396537653632383565333935353436633732303364636333633037363732323834
30363637306262613435316561376164613161663436646331363935343638613131353264643066
64643566356533333335383064346435363362353238303866323462303862626638366531326564
33396630623832313732643639363339653839343935366631396133646463316663333433646335
36353635326436663838643839623262376337316662303633613038633536363330363336643539
65633334386431316666386430326165646334383565626133383561396561393130353337333036
38653365653461383031326138643937626563613538653230643462656330616561336134393030
31646237346435316532613465666663623537646631616133303038383065363238646362613532
36313138653835396231636465336165613733316330353239623330643838363435663036353738
31666264373131346263383535316463613630613662393764366265386634656135373233613731
38663561363932663930396566363638376434373233636138616266316131333939623566643537
64663832303036663630353265373732393437383563353834383561383637326436326432643830
66353230363938393864376361623465663530316332653937383766653233653062353036376234
33303137333865373466623631393434383835386238363830666566306635336334303063343266
37396163643363646236313935346238303730653938366330613339336364316333343433656239
37666532653861613666626332336465366366333033643838613634633332333834326465373339
33623633346231626134633839353037643364313464353961663035333762346634373637313433
64666538363963356137643263383962346335346434303861396665346463356463373131643238
35303434356461373431623465613732633731396639656230363565643937383131396637643739
63383037343930636365353137333538313438396238343936373934303736303435646336393063
64373535336539626263303362363634643262343962333565336665313232643666383337386134
62633465356464353963626236303766346461343932323031356138623530636262393765636665
36313031636637393032653033393832366566363563663037616634666665333634623933336431
61653136653638613762376130636335363638643036626538633961373735356537363062363936
36343361316630623666363636393338653933653363343066346463306663663962326263666437
32653661386138643130353237363965363865303261633665346430666465666130313266366634
39336630383332373565353538643033626333653963636637363539316631393535653266316461
38303734316634326231333631616439613237303963393863666465313363343836616461333164
33626238396335303239376264353362396533643836303037316661653632616263613433326262
34623765636532363437393139633764363564393936613035366132666133343833346332343133
32323336363432316266336332373839623439666365356239643139613238333233373566613339
63636331353236363038363136303636363631383638343031323162373339613262313436393761
63383763323034386362343832363365653064303561333631336431353364656436623235613335
65396261346234636661636535313564343763393766393862633037373735643136343139333836
30383532326339643033313935353833643532323162666466366539303930386564623664393833
38373166633631636162636162623334313936306536643062326162383132316365326462646461
62333164313335343566336230346432383533363033336465653035663539363530323033326530
35613864343432613833393832636666663566663235376234666137313063386664343062326538
61303530623066663066393062316161366537336265303966656431636239656466353339633337
30633838303036376233663965313335323830663864326433366362616637653935393437363762
32313533646535616237353330383866326134396666366631376534313966363363333335396564
37343961303734323366643863653437636266376338323461323631613265343463663637383734
33616637383736393136643630643065383934393937653936333034393537613031316236316438
63616337393936356439316235623362326438646266383737343432346136303261336133363935
64666533386565366435353765376261316637396633666335613835623734343834303433623836
31386532653834666432363863653263326566303636353764336536336563616638343435363330
36653531386632613535616139623839643866396531653938373661346563373963373835623534
66383635653337303661393637656636326432626236316365383535316666653733653035613438
37343761323633396235663330343266306635343266663838376432326561623962393431373136
31323062633637393638343738326335383336353864643163643262353231363636376335623563
61346435336163393034323562383032646164393633623535373532346535356662376363356330
65376437633034663463386439353565316163386331343361336565666162363534393439326139
34303339366636373334623138376666383566373335656334363535363635343839333565303764
36363433643561373631313162313664303661356661363832343038353332373830313131376634
63313335336530383235613739316462646333376638366262393234626230633131643235626534
37633463633838383531326633313337643866373962613139623939623562336539663035313031
63323136336537373835323565396330323666646161343564393536623538633963386532383435
37626637336334656336663639366338343931313039326332663832396632366435306664353462
65326461396164626630396531633135646563636435303332376237376162336235306638396562
66633733646464383332653663326137363636353931333234393266356663373436383430306262
30306134366466313130653231303463393535383533626163326564653837386461333664393239
63333063376665663063313937356433306236383966643061363932643263623862353361396365
38336332393631656233363265653132356333356430643531613863366563653731653263626435
31653838613932376463623830326232663535316332346539363538613134666161383934373464
38643134356535663437613035363466653761663139356466333666363734326337313232616462
62356436653438653438623265643230326161643436636230643264643361373062366466396638
65663034643937326535636138343033616561323039643937633261376165613733356438316664
37353533656361393433663835383463346536313239326337653834666537646234623361643837
64646539653235666166636165383163653131313564326538366563316666356133376265626663
66623665303139366162626464663237623234326162636631373266306534656539616239356335
30306332623938353333653531386363356434633433323433653562383530303831353666326566
64623639363331363139623366613365373637383462663764353332333264356435383965363730
33343162346165363166623866636431303738333233616465343962656635626632373861613266
65323562323666386133373038353563396462333338356437363732383939363836393236313063
66633331626164383931326138336331313962656266316231663865633266363665303664336666
36663861626332653533616235633038636466616233393139653935316636343538326163373062
34326566353463353761656161313762396336366162326139663565303965623033353538363639
66613731643139383633353434653235383832613431343331313239323834383131623863663433
30323537363766656238643637616634356637653230306463326632396534326164376166626362
34643162353337376532373661353461323332623862373761666430366639363638396639353762
33303230376630643739616366363663666665613630373535353335633066373033353163636530
30306166373761653161303432666139323361393038656130366631356131373630396537376661
35383363646634333239366164353038303231353037656435313131306464376464653364306236
35383263363533343864373764393763303437633139643366396230656334343732346231316631
63343135353863636261343962626133393632613930656638613062643436373233363864373237
33326564666138616430373132376335653138616137303839343561383530363663363432366662
66303062386465376364653066356336653038303531616230353133646565373864633663333633
36613634396337656636626534643361636435356662336435303536346338316539363165356634
32366630663130346363363537333565643566393230626333356362316434653830303662393330
31326666313439613461363337636165343766386530383862393539353661623934363466383535
31383931386632633734613231656361626133663165363961336264383538663463313765633065
35383164353138303761663635666138356236333837663862366332633036383639333066346464
38396133643333656461636632373338663631313937393333663364393664396136313362383833
33653161343964643932303538343261373336303938303838376130633865363738396531366336
66663230663761306238616139346333656266653965343838643334313031663766666439353131
63313436356232373839376538656331393330383061373934643335656163376432643662333464
38643561373334393435613132663836656632336261303833333739646137656532346430303135
32333132333836353037306139633064306265306638366634373037623731666137616232303239
63333536316364373236633264333533303132313062666234316539326639353432356666363135
61336462393730653261626163383730356631333265373534656433363265393433393964643535
35323730343638363730336431326432313936393532323164313265376431343561653330666463
36363864303937353935323738383261313539316162346436623936323531633864363861616362
66653465363033643732646538386137633037643734636462663739386333306336343836613130
63383639313130666465623863383533653037393665303463616562646433313433366263633065
31633132343863393332633037363539356662396630613661653131626139313037363165383866
65363836316136633634326638326634353631373136366237643261363738666337343839323266
61666233636632303630613730633431626130613761393265313262383634393136373361636262
32373465376633633230306230306163643734333366303735386336336163613961333966633564
61643733663733366630383864616435623939343062303833356331386338376137333163393362
39336536643539383137656562313735343234643637383036323339656137316331663733623965
62356232336261313964313639326139663338326236336366363463303261616436613732373666
39373763646237323233396137616266306565386635613766616364653931343131666236376139
64346634306131623938663035326639633263353263663536653832636361663964616162616434
64666662656431656338363862663837663064393237663733373663333230353132323138386434
63613939313534376164643366333962386138366464643238633962323963666135343662613331
61326332386238623836303837326235626632396432313063653765343932343265663731356638
65376363343263623464653961393763646164623139323536646534393635303839336336303765
39653038623065663961363966303438616531376133303961666464643765313233623861366661
34346332303936623863623562636433303334643166383261366264323763613061396261373637
64333030336262663333666236636163383738623235376635373730613138333164336534363261
66386331303862383362323833313730653164353466396163626535346333613930636132366462
38626663373162616362323939363835323935313636353735633963303664323766303733333166
66666264396363636434663335376661343033313538653262653236313037646564373037663264
30663337666461303034653137336163636439303230333862663731643334373438323732346632
64393766313266333039376430653031636565363934396636393338303034396366663637363061
62613838336263633531363331363738366234663537333832613136303432343532653235636362
33306263306336353066313863353563633237346339373138353634323235333762633234616666
36383830386365666431643038313261653262616363313032313730346335383261643164383461
36383233376438343534366639326337336133643536643133383034386539623138666432316232
31613330653234323933376335393630383766373936356133303632633736333133636537613737
34393530653666333363366539343864373338326432623634313535653062343830363163633962
36336166336332366335396630663630323539393161626466623239666630336236313165336465
37376431396662346637623335333434346237356264626365353439643031333832356437363062
39303166353666396534353336623531626537356631343533643662313065306337636230386161
32396461623633333336343066643465626536303561616632613535623838626135636432643634
66323433636436393033623635373537613561323266356537386331613738363566306137333137
61643439383064373634353663353732633436393939656538396533626465323838613664303539
36366338393836653764363761356631616232333564633639346237363330386533616639616235
64633364383865343839353136313466613562376135303961313031353531613763666435613534
62376531643931346537373537666561393230366532333661336164663736343236336531653466
62643534313461643336643463343734626234316238616665363839326162376335663933666139
31626234313036626232376464303835386635333334343436303762343830643865343939623564
62396261333739633161386261306530343233373839383564306332633963633235613936376531
62663937373231316432356339356337656539353436333633613836633336323136346166386266
61326662656435666334333536616263353730343961303764663864616566653337373333396564
62373331356361343638636139343762356432663139623361346636393063356637323837386537
65373731366664376333623432353438343837653630396239323734633133353839363865343132
61613861636232393463316135323061646330313334656262646338373536633236303664363732
62393738323438613566636135643464646233623333383166333862346132303036653462626235
34376130343263316261396439326230633531303633306566663438663564623535363163373631
34666666636530663863313030653663316432666533343038616262333465653635356238316534
36626139393561366163343335333432396332663365383061333065343664306237346235383765
31396264613938363338373066663136363961366461663631616466313834656536613864653165
63356266393566663165663631346439303133663233356666373533303232316234663434646130
66303939393765353139653565323161316564373066366438336234633239656636653437616335
37643037306234363666363564336661616461346561383461333831663765383531393031376535
34366536393136653837336536633632326633363833663664653637313630323439376431366463
66313332353438353035383134636639303361356131356263633438386137303738613537613535
39653939623761623435396138633634613530366631373134396330613036373464663662326133
64343139656463383462333535363330636139623730343237623163383463663233653462613535
34396264646531653165623962383737626234653333343439633136636634326535613436633962
61613334333737356562643562623266363630363534346638613038383037393236336237663633
34373265623634666534326330646434613738373062306664316264376132393262353731633165
39656431306132353932313733366537393866643736343037356261623531346364323637623634
61636136643635393766313461613431393236646138623930656632633134313737383738643966
36313763323863663666626164633936376335333335363465376137613235356433386139643239
37653032356563356562333430313864643930613766653236346236386238393565653836363661
38356166616133396233373835393166333439393766393930613030633535623337613931343934
33626161623331303666313561386331393036653034396637396134666462663031336661663963
36356433343334353131306232386665396164656531376539663239313134316437643032386364
34653839666634323965323635373237316134353237316231636634636335383064373333383461
31323430393262353133613962333166393062633431656436663765346162663366366562313134
32653132326430636164636430376662343865656562393136303964613761303963376465316232
34313161613432336633306331323561316362356433636438353637393338626164646136373132
34316461313166316238613836383835643135333964636330626538666538316638636464663365
35303634323737313662653865383433313034333937646634653261343934363662356364323039
62333739303165613438653738626561393834383734633738386132316636376263333236326437
63653565363735623939373530376239376633613065396461386331666339333533323133633138
39363230623135653266363063663433343064646534366630656461333136393164303162353335
32626361356435616139626637656135316630316232636330383536316636643939303364626135
65356530366162356634303836343439393635636264656430366539313433623530393832366463
31383764373030313639656139363538616464646337333465633265663437663030643262366239
31363131326139306537383865366130633739666430323031623339336231356630623332373236
38396531376464646561383739353138343633313830353636626531633130393363663638323733
63343435373336643139376164353238356139303765383261353635346433396435303930623238
35663764373562323464383433306334313662613331336230303533366161386439383134303939
61353066623036336135313262306666393935376535663238303566613463666661626337633064
35656664623439326437336264373838303735386431326264333733333630326437663066346665
62653532656634306436653536343031643366623764383962353436383861326432353739623462
63656138623139376362656333616666376132643462633063643262663965363639323961343064
65333030666439336363366663393564323331306163366639323764313965633736353165313462
34323237323439653437653235316437376166343637333935666366306561613939326433656561
34383035653061383832636634626561646462636264333634396135333236663136653135343765
66336438353565316637343031343239633461623238333563336566633134343633623163326561
64356265636162643166613966323135336631323532626537346664363965653534343336356238
66393632373965646164656539333966396666663837316264343138363730313438613563326363
33353063393939303839383465353534623062386131636166613032356362366566626464373839
31333835666366343036343062613839323530363539363664313138626465373764343463636561
35356338313961366339663434303462373836323535333436393363383134393831386631646562
36623037326137653637396538336631636630636535356562613234616538363238333266373739
30393164333034313663363364313964373632323264393635623336356462363136363632373036
63656531343031653330623033376361396530313062633035343238643163316164343261353163
30353935356134356533656238386363386164346562323332643436333336373865646465613437
31646336386464633439393539633465313837623037373030363364366632373733386134613362
64666336663065306264366661396261346466353336653434336465303061313939616463333864
62373835613336363365613134303833396435336530646136393033306162373834336634616261
66663338613736306364313238613331396337643665313561306137623533623835343731616366
65373564353365336237363262303863616437336561343331623731316562386135623762633738
65623161633732323261316235313236323963373131616132666239333132383763393764303665
34333334623133386533626134326266656262326136343062643965316334613865663431353935
63366534343230623861376336343332636334306433316634636631376462643730643864666639
37306139643433303761386166666634653438343865373832366363666438666632626636376164
30313638326336663435386663353631363438323337623263623766393466396232306632613562
38303064336237666364613634636265393836343233316331346434376437396465663064373339
36323638633538396531373738373332626265346264666461626465653337343433633762346561
32376333383336346438653634313335633133663462333432376239613939613131613837666239
63633835386338383830666537326335393033313661303932303564393737623934656433363637
65663736636263633035366162373135393862623666343062656439373065343130396535326432
30373230303531636132303163373762613965336635376231356262353135363830346535363039
33653235346633646532343764343836383235363864623234633765333562373730316565633230
35373839323030326565656463666666303838366437613863386130303132396465633261386633
61666165343234653763623035633632633535393463623861636261366166313136316166613233
30646531613764336434323936616663323239616430383034363033653366326134356666396462
35363335376165336235323665333239613462633466666564393930333662313965333431323632
38623739363764666535326164613931316132613238623334323730346235646530323261373863
35663661313736346366346561646461333839643265666632303761323361623038323031303531
65643334346135333963656136336666313339623130386132373931636437633537363366343530
39633364623166623037323565346338646561323238366364663861326634326637393835623632
63656635623465343164666530343333666664396265386462373539383738386336663139613635
39323039633035626435363738613266373861373232316661353437626466336563386635636531
65653939656566623833633236356366323862316630653539343733343231643137383539613266
66393937306537333462376231623234613534656134663534643962333439633665613733656438
63626631656234643831303564366630323961363733386165646365653564376335613838306334
35373437363834353362656332616266396233663433383262316537363335323730343161663837
30663462623036663937313639323132313264396134643437303131636533356338613035613236
38373864333764666139656639313039306434396133636332363731383064383361383733633937
66323863663638656335643634363162306563623063346333363034336337383865393134396237
31336535343561393730636233323661623165386232656232323430346531313132313564363232
30666632626364386338316337633438616263613334346633376662383836656339373935343339
36646337356564353130343863363833383163626332636334326438333635376232353137386337
37356234613736383733616333376362333837393331383535636566396130623837393733626339
35393662393832356337623561633531336461316137353161356434633165383531633961353363
37353862366266393966383137386465636632646263326236363966633932306334323964323364
36333365346664663965336362613666316433386666613830396535366631303966386138306365
61616439613035633038373037663133383463326130316134313430646438636237663762616238
63343730663563303562643736323764356538633365653432383762663137333265346538383937
64313762393836363331396264363866646138643230393432623164383564626261356665636163
38393861386561656436306531333632383764656164313934326337353434643262323936616530
36376361643864326336633931363239376361363636313033376338373039383566636133663565
65653730613134333636643438353162376633336665306438393138383564393461303065363937
36323463343361303163396337633532643736336164383664313166343764353830316531393163
37313164623066306633396662373332343032306536303938313163343065343235303166356633
65366638643335356434313038613137623565633561666566363362373039376531306137353838
37386534386163313430323964363135373233353333663861623731323339653238303863633862
66646461663265363662616163373332346331336262373165326333653938303132323965353439
32356334373761633036663637373539623966303230643530326639343530306338626539626332
66636537376161306537376130666566363736333531333536343732383464383164393431613032
38303235613965626337643533316636326439623065303461613034646563616339653665336132
37663732383661343039626230336633666634646561663330613361356133346639306262653239
30366466323531336635303935316233393735396132633132383438396437656334313236613235
39666535623962646565323237373937393264373332623939643338633132363437383830633536
33663234336433306163343835616333346561393730363335376239326664376638303839636637
31383230396265633362346363393164346334346431373135386265356237373834353838396165
36386631653239616636316561363662613333653437356536353532336636316233376266646266
62376566663737616335306535346439346137626131616537396666653532613265353966383133
36316538633331396431646261323636316533363734366634313263316561646231666635376264
30636634336265666532646439393234633461343964323835313462316665666238643932323439
66646165626332393838323232316439616263376537396538656532356639626433636137353366
30326464636530313132393636363634373366633635646566643433383236323661363530326635
61343265363135626239353462323465356534363462643230623065363736613131333833343633
61313563636539363730363439386533666331326366616665323365323738663061396664333437
31333236656161633062653439613334393265633737643239303163326562346633366534633532
37666165386437643936333134356335373166646562353631633738313237653135363566386363
64303437383833376539636235383661616537336563386536623765323362643633376230633266
61633038613938323438623163613066383133653932663266376563353639396330613735373364
32313066343764306436343961666566666462613635633964356435623135643433616336386534
64653063363633616634643539646164316638666333303932613539623463353566356636336266
34663032623430333734636433323365663738363436666630626463643332636330343635643433
66656439326164386637643039343433356434636534653936343234663437373433633761373534
36333361663237643038333362643830353437646333623866363233626163633330306233653735
66663239646330313738343765633732333435393162623863333431646131373662303739623164
37363131366538376436346531363839323734653337636236656531326534336335663763636434
30303633323831313965636562336630343439356665653966363535613337633863326432643566
36333563383661396461663938326464646534383930346264626432306561663331306632636330
66373231623765373639316432326434313733373765316662646638643937323065303165333462
34336364626461633036333238633039333463303032613665373966383332373230643432663437
37323332626238346365656134663733373335373066326365313361303065383461386366643639
61303835666431333932336262393366646364393139666537636434613263396636656436636265
33383038303831303566633437353336336337303638323862356262626166643132623338306162
34623661306633343361653463366562646135333134613465333830313234623534646632666133
39663337343164393433653364373237353235383736366364353564343933643733613237323132
35633563343662356664646561333262356632353065353162623136353034313761636136383864
38636635643532393835306234366535626563313732363533363463323063623839656337663036
61373230663364636633663362636437613064623435636266653030343561343636313730383562
35363762346237393065343832383337343661386566316438383166353039373264376338356564
36366431313335356463343430326232326434343938313333386537313832356539383164386434
66393061633962383638646238323864663335343234323237343633363462633864326563383965
64333836636361313630666366636236363238356263333264336534353539633236323862663361
61313432356335663436393362393031643336663137336537643263633730373839373635653835
32356230373338306561373936323734656134616665363361313839353332353331306161333437
31383430316332623863363630326431646562303135623031626334336135366165313064313431
35346461333966326465356538313833663136356266646531613366393565346433373762333566
33656362643238343134303438666632386533653664633561333731303966393964653164366566
31643564383462316332313432643636643463313761653530333466323164653165616438636133
65373031323035323264633038363637306231366531633763393630306464373832626630616339
63386165366235366634353638653265623466376662336363363039376638326362633538663539
66646561343536666632666362663264373936333938663737376531653930356134336430663235
65363464376539366130326334653462396130353830613265383864393662346434363439656330
64343961643365363337383132373163366634633039663066356230316631666630336434356462
32626664363239326133613330356264353966303739613834636439386237613832323934323366
66613738353332643261653664306233653133396264616138646336323839376138623636343335
31373134356431356331613733616333386332323962383639326666626362353665633733643738
36656435633466383533653830346539383966663730663539316134363932643037386237663933
63633062323463666232353231393438383137323638643131646531633334386361303161346165
64333932656532653166623365376239313633636139346461636530383435656531613338613633
32323830653331616538306561393465313330363964643632643134356331393439643438386238
32613937396266633430313837666565333832316234643666383265323636366163663863663736
32393162363731623636633462333563626630613136646638303365633332323165633962363964
37666265336566626461316437616634663733633830373033316166663139343337333137353363
63393133656633353630393838623537306363373833396366303362643432376361333030373361
31353763303534666263393338306564323362316532346331383330333932333966653264306664
30633130303533633565343739666232313036613262383139656633663731316461656533643532
39303037356638386530643161363738366330393132623139613831643936626332366564326633
66373833613661653136656562336239633863353030663265633830303034336533663533396435
32613266376362363933663765393931316563326564643038303761663835346139343237316364
36333663323566393235313437386532363064386139316536656439663064386563636461383533
65376135376530303464656331333863636335623633636465326235333963613834653238366266
38613838316664336232316638376530396533316433643537346462376634616661356634616632
36393731653837633736616362326531346536646635393637326639306532326365656235313763
30313239326262326533393565383734633736323430386333313532353061366162376365313835
63633065333536623130653432343037383630363130633139313266633763646365336536306633
61316336353837636364636338393339663532323163336462326339373539616332383931363332
30343031363233396261333032653939306536393137656364323739623030616434363536366266
31306563373666373964623131383239653535663332333263353263346138616531653362306661
61343932363536366139643464613030383738616165386663383862303033663035353336386231
31666265386133323266643363383535363330666335633932366162393366653465396638613232
66363231643538393661383634636262313837633061383933633766346434396235363463313834
30336632326139636332346138363931366431343339383833326338643136626236316635633032
37383438623562373137343034393336313032623534383034636133336362333831393134346330
34656662643735303465636438633437656163613833356563353537393833393264346238666539
66653962653530383135653734626534613039373965643731323161393663663766353437326137
62323431393561633939326363333462366232346334366166633366623130653837383163626437
31343431623139616334666531643737316461316139343332626436366136336635643265666566
65373166633531623730613436366339656537393062373532663763323931626661343435376434
63376665356235306537643536303463363335353738373566303361323638393038346338396534
36376238393264643165623535373939336363396439323362366464333036663434653665373166
63343033623032323465353738646535356461663166653966646535393937323764626233633232
35306164636166313737633830396134393835343865356532663734653538363839316363346335
63623336666462353935623339623430386563333366643064343763373866353938643964623532
63656666306132363331376238643165396662633563393930316231363532306537396564636435
37363133656661663032633866306435376537633833613030303965306161303532393535366334
32373235313039613461386633376230616230373437643338613035633464383431353934613662
39333765663134626462356539313066653336336662383038643163396261323333363433646632
32343761303333336338633638353830313663333865656434313361356136613639326535333066
66623134623531646462343837386130353434653461313362636233613231303930333337323533
35646665666531393261323263653339333265306632653065613534666330356237303637333637
61656466343938356432366130386163373263336631613033343463376436356133313933323936
31633034313738663135663466303362386162383163383035666536386436666666336435393362
37353739633262616266613130366466643930303862623232373434356534626535623431653238
63396234316663666362613036343962373466376364353465643464353038326430383566336435
65336263326266656439383365646234366138646332333737363539393635393033386465363937
39366431666536653436373233333365646632346165386236316138653466313461653566613162
38396332306663396133643261356537653066383263396464313439373234636563633432656632
39633863393762663338
